source_file,year,state_code,state_name,ac_number,ac_name,ac_reservation,pc_number,pc_name,part_number,polling_station_number_and_name,polling_station_address,polling_station_type,auxiliary_polling_stations,serial_start,serial_end,male,female,third_gender,total,district,main_town_or_village,post_office,police_station,tehsil,subdivision,pin_code
C:\Users\user\Documents\upsc\eci_downloads\S01_139_-_Nandyal\139_139_-_Nandyal\General_Election_Roll_2024\Booth_Details\139_p100_eed57eb3\139_p100_eed57eb3.json,2024,,,139,NANDYAL,,17,NANDYAL,,,,GENERAL,,,,312,460,0,772,,,,,,,
C:\Users\user\Documents\upsc\eci_downloads\S01_139_-_Nandyal\139_139_-_Nandyal\General_Election_Roll_2024\Booth_Details\139_p101_a5c54aba\139_p101_a5c54aba.json,2024,,,,,,,,,,,,,,,,,,,,,,,,,
C:\Users\user\Documents\upsc\eci_downloads\S01_139_-_Nandyal\139_139_-_Nandyal\General_Election_Roll_2024\Booth_Details\139_p102_e22a9230\139_p102_e22a9230.json,,,,139,NANDYAL,GEN,17,NANDYAL,102,102 - NANDYAL,"Town Planning Section Municipal Office Nandyal, Nandyal",,0,,,,,,,,,,,,,
C:\Users\user\Documents\upsc\eci_downloads\S01_139_-_Nandyal\139_139_-_Nandyal\General_Election_Roll_2024\Booth_Details\139_p103_b694eb79\139_p103_b694eb79.json,2024,S01,Andhra Pradesh,139,NANDYAL,,17,NANDYAL,103,,MEPMA Building Municipal Office Nandyal,,0,,,486,410,0,896,,,,,,,
C:\Users\user\Documents\upsc\eci_downloads\S01_139_-_Nandyal\139_139_-_Nandyal\General_Election_Roll_2024\Booth_Details\139_p104_94a00e76\139_p104_94a00e76.json,,,,139,NANDYAL,,17,,104,104 - NANDYALA,Meeting Hall Beside MEPMA Building Municipal Office Nandyal,,0,,,576,617,0,1193,NANDYAL,NANDYAL,NANDYAL,2 TOWN POLICE STATION NANDYAL,NANDYAL,NANDYAL,518501
C:\Users\user\Documents\upsc\eci_downloads\S01_139_-_Nandyal\139_139_-_Nandyal\General_Election_Roll_2024\Booth_Details\139_p105_b6c1c2ef\139_p105_b6c1c2ef.json,,,,139,NANDYAL,,17,NANDYAL,105,,"St.Jospeh Primary School, South Wing, UKG A Section, Nandyal NANDYAL",,0,,,488,483,0,971,,,,,,,
C:\Users\user\Documents\upsc\eci_downloads\S01_139_-_Nandyal\139_139_-_Nandyal\General_Election_Roll_2024\Booth_Details\139_p106_14b43c95\139_p106_14b43c95.json,,,,139,NANDYAL,,17,NANDYAL,106,,,,0,,,371,351,0,722,,,,,,,
C:\Users\user\Documents\upsc\eci_downloads\S01_139_-_Nandyal\139_139_-_Nandyal\General_Election_Roll_2024\Booth_Details\139_p107_68fca97f\139_p107_68fca97f.json,,,,139,NANDYAL,,17,NANDYAL,107,,,,,,,366,394,0,760,,,,,,,
C:\Users\user\Documents\upsc\eci_downloads\S01_139_-_Nandyal\139_139_-_Nandyal\General_Election_Roll_2024\Booth_Details\139_p108_c7f07dc7\139_p108_c7f07dc7.json,,,,139,NANDYAL,,17,NANDYAL,108,,"S P G MODAL P SCOOL, NANDYAL",GENERAL,,,,634,784,0,1418,,,,,,,
C:\Users\user\Documents\upsc\eci_downloads\S01_139_-_Nandyal\139_139_-_Nandyal\General_Election_Roll_2024\Booth_Details\139_p109_84966e21\139_p109_84966e21.json,,,,139,NANDYAL,,17,NANDYAL,109,,,,,,,665,756,0,1421,,,,,,,
C:\Users\user\Documents\upsc\eci_downloads\S01_139_-_Nandyal\139_139_-_Nandyal\General_Election_Roll_2024\Booth_Details\139_p10_c99c72fe\139_p10_c99c72fe.json,2024,S01,Andhra Pradesh,,,,,,,10 - BHIMAVARAM,"M.P.U.P SCHOOLU,TOORPU ROOM BHIMAVARAM",,,,,445,452,0,897,,,,,,,
C:\Users\user\Documents\upsc\eci_downloads\S01_139_-_Nandyal\139_139_-_Nandyal\General_Election_Roll_2024\Booth_Details\139_p110_3374e75e\139_p110_3374e75e.json,,,,,,,,,,,,,0,,,492,611,0,1103,,,,,,,
C:\Users\user\Documents\upsc\eci_downloads\S01_139_-_Nandyal\139_139_-_Nandyal\General_Election_Roll_2024\Booth_Details\139_p111_74baf3de\139_p111_74baf3de.json,,,,,,,,,111,,,,0,,,,,,,,,,,,,
C:\Users\user\Documents\upsc\eci_downloads\S01_139_-_Nandyal\139_139_-_Nandyal\General_Election_Roll_2024\Booth_Details\139_p112_b7b77cf8\139_p112_b7b77cf8.json,2024,S01,,139,NANDYAL,,17,NANDYAL,112,,"Room No.5, College of education, S.P.G.Mission Co 26-302 To 26-349 E1",GENERAL,,1,1260,612,621,0,1233,,,,,,,
C:\Users\user\Documents\upsc\eci_downloads\S01_139_-_Nandyal\139_139_-_Nandyal\General_Election_Roll_2024\Booth_Details\139_p113_6f8e6074\139_p113_6f8e6074.json,,,,139,NANDYAL,,17,NANDYAL,113,,,,0,,,522,610,0,1132,,,,,,,
C:\Users\user\Documents\upsc\eci_downloads\S01_139_-_Nandyal\139_139_-_Nandyal\General_Election_Roll_2024\Booth_Details\139_p114_a52bf33c\139_p114_a52bf33c.json,,,,139,NANDYAL,,17,NANDYAL,,114 - NANDYAL,"HOLLY CROSS ELE. SCHOOL, (H.C.G.H.S Permises), NDL NANDYAL",,,1,745,302,409,0,711,,,,,,,
C:\Users\user\Documents\upsc\eci_downloads\S01_139_-_Nandyal\139_139_-_Nandyal\General_Election_Roll_2024\Booth_Details\139_p115_42972317\139_p115_42972317.json,,,,139,NANDYAL,,17,NANDYAL,115,115 - NANDYAL,"HOLY CROSS GARLS HIGH SCOOL ROOM NO 3NANDYAL, HOLY CROSS GARLS HIGH SCOOL NANDYAL",,,,,324,307,0,631,,,,,,,
C:\Users\user\Documents\upsc\eci_downloads\S01_139_-_Nandyal\139_139_-_Nandyal\General_Election_Roll_2024\Booth_Details\139_p116_75ee6bd8\139_p116_75ee6bd8.json,,,,139,NANDYAL,,17,NANDYAL,,116 - NANDYALA,HOLY CROSS GARLS HIGH SCOOL NANDYAL,,0,1,1060,504,536,0,1040,,,,,,,
C:\Users\user\Documents\upsc\eci_downloads\S01_139_-_Nandyal\139_139_-_Nandyal\General_Election_Roll_2024\Booth_Details\139_p117_df5ff791\139_p117_df5ff791.json,,,,,,,,,,,,,,,,492,514,0,1006,,,,,,,
C:\Users\user\Documents\upsc\eci_downloads\S01_139_-_Nandyal\139_139_-_Nandyal\General_Election_Roll_2024\Booth_Details\139_p118_e191c44a\139_p118_e191c44a.json,,,,139,NANDYAL,,17,NANDYAL,118,118 - NANDYAL,"SPG HIGH SCHOOL, Main Building,WEST SIDE CLASS ROOM - 2 NANDYAL",,0,,,461,445,0,906,NANDYAL,NANDYAL,NANDYAL,3 TOWN POLICE STATION NANDYAL,NANDYAL,NANDYAL,518501
C:\Users\user\Documents\upsc\eci_downloads\S01_139_-_Nandyal\139_139_-_Nandyal\General_Election_Roll_2024\Booth_Details\139_p119_0595f514\139_p119_0595f514.json,,,,,,,,,119,,,,,,,623,629,0,1252,,,,,,,
C:\Users\user\Documents\upsc\eci_downloads\S01_139_-_Nandyal\139_139_-_Nandyal\General_Election_Roll_2024\Booth_Details\139_p11_b30c11d8\139_p11_b30c11d8.json,2024,S01,Andhra Pradesh,,,,,,,11 - BHIMAVARAM,"MPUP SCHOOLU,PADAMARA ROOM BHEEMAVARAM",,0,1,994,492,491,0,983,,,,,,,
C:\Users\user\Documents\upsc\eci_downloads\S01_139_-_Nandyal\139_139_-_Nandyal\General_Election_Roll_2024\Booth_Details\139_p120_b8d52684\139_p120_b8d52684.json,,,,139,NANDYAL,,17,NANDYAL,,,,,0,1,1045,480,548,2,1030,,,,,,,
C:\Users\user\Documents\upsc\eci_downloads\S01_139_-_Nandyal\139_139_-_Nandyal\General_Election_Roll_2024\Booth_Details\139_p121_613b9018\139_p121_613b9018.json,,,,139,NANDYAL,,17,NANDYAL,,,"BBJ SPG, Jr.College Staff room Nandyal NANDYAL",,0,,,408,419,0,827,,,,,,,
C:\Users\user\Documents\upsc\eci_downloads\S01_139_-_Nandyal\139_139_-_Nandyal\General_Election_Roll_2024\Booth_Details\139_p122_e96bedfb\139_p122_e96bedfb.json,,,,,,,,,,122 - NANDYALA,"S.P.G. H.School, Main Building, North Wing R.No.5, NANDYALA",,,,,,,,,,,,,,,
C:\Users\user\Documents\upsc\eci_downloads\S01_139_-_Nandyal\139_139_-_Nandyal\General_Election_Roll_2024\Booth_Details\139_p123_75d926fd\139_p123_75d926fd.json,,,,139,NANDYAL,,17,,123,,,,0,,,639,652,0,1291,,,,,,,
C:\Users\user\Documents\upsc\eci_downloads\S01_139_-_Nandyal\139_139_-_Nandyal\General_Election_Roll_2024\Booth_Details\139_p124_847918bc\139_p124_847918bc.json,,,,139,NANDYAL,,17,NANDYAL,124,,,,0,,,,,,,,,,,,,
C:\Users\user\Documents\upsc\eci_downloads\S01_139_-_Nandyal\139_139_-_Nandyal\General_Election_Roll_2024\Booth_Details\139_p125_a7548512\139_p125_a7548512.json,,,,139,NANDYAL,,17,NANDYAL,125,,,,,,,452,493,0,945,,,,,,,
C:\Users\user\Documents\upsc\eci_downloads\S01_139_-_Nandyal\139_139_-_Nandyal\General_Election_Roll_2024\Booth_Details\139_p126_12070b67\139_p126_12070b67.json,,,,139,NANDYAL,,17,,,,"MUNICIPAL UPPAR PRIMARY SCHOOL, 2nd CLASS ROOM, NORTH SIDE, MS NAGAR, NANDYAL, Nandyal",,,,,437,504,0,941,,,,,,,
C:\Users\user\Documents\upsc\eci_downloads\S01_139_-_Nandyal\139_139_-_Nandyal\General_Election_Roll_2024\Booth_Details\139_p127_0ae87269\139_p127_0ae87269.json,,S01,Andhra Pradesh,139,NANDYAL,,17,,,,"MUNICIPAL UPPAR PRIMARY SCHOOL, 2ND CLASS ROOM, MS NAGAR, NANDYAL, MUNICIPAL UPPAR PRIMARY SCHOOL, NANDYAL",GENERAL,0,,,,,,,,,,,,,
C:\Users\user\Documents\upsc\eci_downloads\S01_139_-_Nandyal\139_139_-_Nandyal\General_Election_Roll_2024\Booth_Details\139_p128_86f297a0\139_p128_86f297a0.json,,,,139,NANDYAL,,17,NANDYAL,128,,,,0,,,600,653,1,1254,,,,,,,
C:\Users\user\Documents\upsc\eci_downloads\S01_139_-_Nandyal\139_139_-_Nandyal\General_Election_Roll_2024\Booth_Details\139_p129_efa43a56\139_p129_efa43a56.json,,,,,,,,,,,,,,,,479,522,0,1001,,,,,,,
C:\Users\user\Documents\upsc\eci_downloads\S01_139_-_Nandyal\139_139_-_Nandyal\General_Election_Roll_2024\Booth_Details\139_p12_850cad62\139_p12_850cad62.json,,,,139,NANDYAL,,17,NANDYAL,12,12 - KOTHA PALLI,"Z P H SCOOL,10 VA TARAGATI ROOM ,KOTHAPALLE",,,,,463,486,0,949,,,,,,,
C:\Users\user\Documents\upsc\eci_downloads\S01_139_-_Nandyal\139_139_-_Nandyal\General_Election_Roll_2024\Booth_Details\139_p130_9c668339\139_p130_9c668339.json,,,,139,NANDYAL (GEN),,17,NANDYAL (GEN),130,130 - NANDYALA,"B.C BOYS HOSTEL, ROOM NO 7 DEVANAGAR 28-1051 A to 28-1051, B.C BOYS HOSTEL NANDYAL",,,1,1262,584,638,1,1223,NANDYAL,NANDYAL,NANDYAL,3 TOWN POLICE STATION NANDYAL,NANDYAL,NANDYAL,518501
C:\Users\user\Documents\upsc\eci_downloads\S01_139_-_Nandyal\139_139_-_Nandyal\General_Election_Roll_2024\Booth_Details\139_p131_b789c19b\139_p131_b789c19b.json,,,,,,,,,,,,,,,,,,,,,,,,,,
C:\Users\user\Documents\upsc\eci_downloads\S01_139_-_Nandyal\139_139_-_Nandyal\General_Election_Roll_2024\Booth_Details\139_p132_4dedb3d5\139_p132_4dedb3d5.json,2024,S01,Andhra Pradesh,139,NANDYAL,,17,NANDYAL,132,,,,0,,,628,696,1,1325,,,,,,,
C:\Users\user\Documents\upsc\eci_downloads\S01_139_-_Nandyal\139_139_-_Nandyal\General_Election_Roll_2024\Booth_Details\139_p133_bd456b56\139_p133_bd456b56.json,,,,139,NANDYAL,,17,,133,,"B.C. Boys Hostel Room No 5, Deva nagar, Nandyal, B.C. Boys Hostel, Devanagar, Nandyal",,,,,477,396,0,873,,,,,,,
C:\Users\user\Documents\upsc\eci_downloads\S01_139_-_Nandyal\139_139_-_Nandyal\General_Election_Roll_2024\Booth_Details\139_p134_7a4300ee\139_p134_7a4300ee.json,,,,139,NANDYAL,GEN,17,NANDYAL,134,134 - NANDYALA,"M.P.SCHOOL, 1st Class R, Old Building, Devanagar, DEVA NAGAR,NANDYALA",,,,,,,,,,,,,,,
C:\Users\user\Documents\upsc\eci_downloads\S01_139_-_Nandyal\139_139_-_Nandyal\General_Election_Roll_2024\Booth_Details\139_p135_7450e074\139_p135_7450e074.json,,,,139,NANDYAL,,,,135,135 - NANDYALA,"M.P.SCHOOL, 2nd Class, Old Building, Devanagar, NANDYALA",,,,,,,,,,,,,,,
C:\Users\user\Documents\upsc\eci_downloads\S01_139_-_Nandyal\139_139_-_Nandyal\General_Election_Roll_2024\Booth_Details\139_p136_680ead30\139_p136_680ead30.json,,,,139,NANDYAL,,,,136,136 - NANDYAL,"M.P.SCHOOL,3rd Class Room, East Wing,NewBuild.Deva NANDYALA",,,,,461,503,0,964,,,,,,,
C:\Users\user\Documents\upsc\eci_downloads\S01_139_-_Nandyal\139_139_-_Nandyal\General_Election_Roll_2024\Booth_Details\139_p137_25e94972\139_p137_25e94972.json,,,,139,NANDYAL,,17,NANDYAL,137,,,,,,,687,811,1,1499,,,,,,,
C:\Users\user\Documents\upsc\eci_downloads\S01_139_-_Nandyal\139_139_-_Nandyal\General_Election_Roll_2024\Booth_Details\139_p138_573837ba\139_p138_573837ba.json,,,,,,,,,,,,,,,,423,452,0,875,,,,,,,
C:\Users\user\Documents\upsc\eci_downloads\S01_139_-_Nandyal\139_139_-_Nandyal\General_Election_Roll_2024\Booth_Details\139_p139_ef001ee0\139_p139_ef001ee0.json,,,,,,,,,,,,,,,,,,,,,,,,,,
C:\Users\user\Documents\upsc\eci_downloads\S01_139_-_Nandyal\139_139_-_Nandyal\General_Election_Roll_2024\Booth_Details\139_p13_86dcff91\139_p13_86dcff91.json,,,,139,NANDYAL,GEN,17,NANDYAL,13,13 - KOTHAPALLI,"Z.P.H. School, 8th class, Kothapalli",,,,,,,,,,,,,,,
C:\Users\user\Documents\upsc\eci_downloads\S01_139_-_Nandyal\139_139_-_Nandyal\General_Election_Roll_2024\Booth_Details\139_p140_205a329f\139_p140_205a329f.json,,,,139,NANDYAL,,17,NANDYAL,140,140 - NANDYAL,"Shivananda Mp. School, North Side, Revenue Quarter NANDYALA",GENERAL,,,,447,503,0,950,,,,,,,
C:\Users\user\Documents\upsc\eci_downloads\S01_139_-_Nandyal\139_139_-_Nandyal\General_Election_Roll_2024\Booth_Details\139_p141_4a8aa4a1\139_p141_4a8aa4a1.json,2024,,,139,NANDYAL,,17,NANDYAL,141,141 - NANDYAL,"Shivananda Mpl. Ele. School, Revenue Quarters, NANDYAL",,,1,975,450,484,0,934,,,,,,,
C:\Users\user\Documents\upsc\eci_downloads\S01_139_-_Nandyal\139_139_-_Nandyal\General_Election_Roll_2024\Booth_Details\139_p142_b26a0c73\139_p142_b26a0c73.json,,,,139,NANDYAL,,17,NANDYAL,142,142 - NANDYALA,ESC GOVT POLYTECHNIC COLLEGE LECTURER HALL NO-11 NANDYAL,,0,,,411,467,0,878,,,,,,,
C:\Users\user\Documents\upsc\eci_downloads\S01_139_-_Nandyal\139_139_-_Nandyal\General_Election_Roll_2024\Booth_Details\139_p143_5e9a2523\139_p143_5e9a2523.json,,,,,,,,,,,,,0,,,517,525,0,1042,,,,,,,
C:\Users\user\Documents\upsc\eci_downloads\S01_139_-_Nandyal\139_139_-_Nandyal\General_Election_Roll_2024\Booth_Details\139_p144_766e1798\139_p144_766e1798.json,,,,139,NANDYAL,,,,144,144 - NANDYAL,"S.Y.V.C.P Govt Junior college for Girls, Northwing room No 4 Nandyal, Nandyal",,0,,,389,400,0,789,,,,,,,
C:\Users\user\Documents\upsc\eci_downloads\S01_139_-_Nandyal\139_139_-_Nandyal\General_Election_Roll_2024\Booth_Details\139_p145_c7020822\139_p145_c7020822.json,,,,139,NANDYAL,,17,NANDYAL,145,145 - NANDYAL,"S.Y.V.C.P Govt Junior college for Girls, Westwing room No 3 Nandyal, Nandyal",,,,,581,610,0,1191,,,,,,,
C:\Users\user\Documents\upsc\eci_downloads\S01_139_-_Nandyal\139_139_-_Nandyal\General_Election_Roll_2024\Booth_Details\139_p146_86426f3d\139_p146_86426f3d.json,,,,,,,,,,146 - NANDYAL,"S.Y.V.C.P Govt Junior college for Girls, southwing room No 1 Nandyal, Nandyal",,0,,,458,481,0,939,,,,,,,
C:\Users\user\Documents\upsc\eci_downloads\S01_139_-_Nandyal\139_139_-_Nandyal\General_Election_Roll_2024\Booth_Details\139_p147_ebe4c0c2\139_p147_ebe4c0c2.json,,,,,,,,,,147 - NANDYALA,"M H SCOOL,TEKKE NANDYAL",GENERAL,,,,,,,,,,,,,,
C:\Users\user\Documents\upsc\eci_downloads\S01_139_-_Nandyal\139_139_-_Nandyal\General_Election_Roll_2024\Booth_Details\139_p148_ef1f069b\139_p148_ef1f069b.json,,,,139,NANDYAL,,17,NANDYAL,148,148 - NANDYAL,"Municipal High School, Tekke, Nandyal",,,,,688,743,0,1431,,,,,,,
C:\Users\user\Documents\upsc\eci_downloads\S01_139_-_Nandyal\139_139_-_Nandyal\General_Election_Roll_2024\Booth_Details\139_p149_09563cbe\139_p149_09563cbe.json,,,,139,NANDYAL (GEN),,17,NANDYAL (GEN),149,,,,,,,559,654,0,1213,,,,,,,
C:\Users\user\Documents\upsc\eci_downloads\S01_139_-_Nandyal\139_139_-_Nandyal\General_Election_Roll_2024\Booth_Details\139_p14_b03eb83c\139_p14_b03eb83c.json,,,,139,NANDYAL,,17,NANDYAL,,,"Z.P.H.S, 7 VA TARAGATI ROOM .KOTHAPALLE",GENERAL,,1,726,356,358,0,714,NANDYAL,KOTHAPALLI,KOTHAPALLI,NANDYALA TALUKA POLICE STATION,NANDYAL,NANDYAL,518501
C:\Users\user\Documents\upsc\eci_downloads\S01_139_-_Nandyal\139_139_-_Nandyal\General_Election_Roll_2024\Booth_Details\139_p150_7c3ef093\139_p150_7c3ef093.json,,,,139,NANDYAL,,17,NANDYAL,150,150 - NANDYALA,"SRI SAMATHA ENGLISH MEDIUM SCHOOL, BEHIND MARKET YARD, 5TH CLASS ROOM, NANDYAL., SRI SAMATHA ENGLISH MEDIUM SCHOOL, BEHIND MARKET YARD",,,,,614,629,1,1244,NANDYAL,NANDYAL,NANDYAL,2 TOWN POLICE STATION NANDYAL,NANDYAL,NANDYAL,518501
C:\Users\user\Documents\upsc\eci_downloads\S01_139_-_Nandyal\139_139_-_Nandyal\General_Election_Roll_2024\Booth_Details\139_p151_2f5bb611\139_p151_2f5bb611.json,,,,139,NANDYAL,,17,NANDYAL,,,"SRI SAMATHA ENGLISH MEDIUM SCHOOL, BEHIND MARKET YARD, 10TH CLASS ROOM, NANDYAL, SRI SAMATHA ENGLISH MEDIUM SCHOOL, BEHIND MARKET YARD",,,,,463,483,0,946,,,,,,,
C:\Users\user\Documents\upsc\eci_downloads\S01_139_-_Nandyal\139_139_-_Nandyal\General_Election_Roll_2024\Booth_Details\139_p152_0ecb0b32\139_p152_0ecb0b32.json,,,,,,,,,,,,,,,,471,465,0,936,,,,,,,
C:\Users\user\Documents\upsc\eci_downloads\S01_139_-_Nandyal\139_139_-_Nandyal\General_Election_Roll_2024\Booth_Details\139_p153_f7b9f545\139_p153_f7b9f545.json,,,,139,NANDYAL,,17,NANDYAL,,153 - NANDYAL,"SRI SAMATHA ENGLISH MEDIUM SCHOOL, BEHIND MARKET YARD, 2ND CLASS ROOM, NANDYAL, SRI SAMATHA ENGLISH MEDIUM SCHOOL, BEHIND MARKET YARD",,0,,,738,708,0,1446,,,,,,,
C:\Users\user\Documents\upsc\eci_downloads\S01_139_-_Nandyal\139_139_-_Nandyal\General_Election_Roll_2024\Booth_Details\139_p154_f2e16566\139_p154_f2e16566.json,,,,139,NANDYAL (GEN),,,,,154 - NANDYALA,"SRI SAMATHA ENGLISH MEDIUM SCHOOL, BEHIND MARKET YARD, 7TH CLASS, NANDYAL, SRI SAMATHA ENGLISH MEDIUM SCHOOL, BEHIND MARKET YARD",,0,,,614,611,0,1225,,,,,,,
C:\Users\user\Documents\upsc\eci_downloads\S01_139_-_Nandyal\139_139_-_Nandyal\General_Election_Roll_2024\Booth_Details\139_p155_77cc68ff\139_p155_77cc68ff.json,2024,,,139,NANDYAL,,,,155,155 - NANDYALA,NGRS Room Nandyal Premises of MPDO Office Nandyal,,,,,639,690,0,1329,,,,,,,
C:\Users\user\Documents\upsc\eci_downloads\S01_139_-_Nandyal\139_139_-_Nandyal\General_Election_Roll_2024\Booth_Details\139_p156_bc607c50\139_p156_bc607c50.json,,,,,,,,,,,,,0,1,1225,593,615,0,1208,,,,,,,
C:\Users\user\Documents\upsc\eci_downloads\S01_139_-_Nandyal\139_139_-_Nandyal\General_Election_Roll_2024\Booth_Details\139_p157_281f2784\139_p157_281f2784.json,,,,139,NANDYAL,,17,NANDYAL,157,,,,0,,,412,423,2,837,,,,,,,
C:\Users\user\Documents\upsc\eci_downloads\S01_139_-_Nandyal\139_139_-_Nandyal\General_Election_Roll_2024\Booth_Details\139_p158_db731a8e\139_p158_db731a8e.json,,S01,Andhra Pradesh,139,NANDYAL,,17,NANDYAL,,,"Deputy Executive Engineer,Vigilance & Quality Control Sub-Divisional Officer, Nandyal",,,1,775,383,374,0,757,,,,,,,
C:\Users\user\Documents\upsc\eci_downloads\S01_139_-_Nandyal\139_139_-_Nandyal\General_Election_Roll_2024\Booth_Details\139_p159_33a68bb8\139_p159_33a68bb8.json,,,,,,,,,,159 - NANDYAL,"EXECUTIVE ENGINEER OFFICE,North East Corner P.Raj. NANDYALA",,0,,,481,444,0,925,,,,,,,
C:\Users\user\Documents\upsc\eci_downloads\S01_139_-_Nandyal\139_139_-_Nandyal\General_Election_Roll_2024\Booth_Details\139_p15_d441cf1a\139_p15_d441cf1a.json,2024,,,,,,,,15,,,,,,,,,,,,,,,,,
C:\Users\user\Documents\upsc\eci_downloads\S01_139_-_Nandyal\139_139_-_Nandyal\General_Election_Roll_2024\Booth_Details\139_p160_c71787bc\139_p160_c71787bc.json,,,,,,,,,,160 - NANDYALA,"MUNICIPAL ELEMENTARY SCHOOL, WEST SIDE ROOM, JVR NAGAR,N.G.Os Colony NANDYAL, MUNICIPAL ELEMENTARY SCHOOL JVR NAGAR",,,,,490,398,0,888,,,,,,,
C:\Users\user\Documents\upsc\eci_downloads\S01_139_-_Nandyal\139_139_-_Nandyal\General_Election_Roll_2024\Booth_Details\139_p161_225c1538\139_p161_225c1538.json,,,,139,NANDYAL,,17,NANDYAL,,"161 - Mpl. Ele School East Wing ,JVR Nagar, NGO Colony","Mpl. Ele School East Wing ,JVR Nagar, NGO Colony NANDYAL",,0,,,301,267,0,568,,,,,,,
C:\Users\user\Documents\upsc\eci_downloads\S01_139_-_Nandyal\139_139_-_Nandyal\General_Election_Roll_2024\Booth_Details\139_p162_aa16c885\139_p162_aa16c885.json,,,,139,NANDYAL (GEN),,17,NANDYAL (GEN),162,,,,,,,674,656,0,1330,,,,,,,
C:\Users\user\Documents\upsc\eci_downloads\S01_139_-_Nandyal\139_139_-_Nandyal\General_Election_Roll_2024\Booth_Details\139_p163_fdd06c28\139_p163_fdd06c28.json,,,,139,NANDYAL,,17,,163,,,,0,,,436,455,0,891,,,,,,,
C:\Users\user\Documents\upsc\eci_downloads\S01_139_-_Nandyal\139_139_-_Nandyal\General_Election_Roll_2024\Booth_Details\139_p164_f59e0316\139_p164_f59e0316.json,,,,,,,,,,"164 - 9th Class Room, Narayana High School, JVR Nagar, N.G.Os Colony, Nandyal.","9th Class Room, Narayana High School, JVR Nagar, N.G.Os Colony, Nandyal.",,0,,,385,425,0,810,,,,,,,
C:\Users\user\Documents\upsc\eci_downloads\S01_139_-_Nandyal\139_139_-_Nandyal\General_Election_Roll_2024\Booth_Details\139_p165_4d94c40d\139_p165_4d94c40d.json,,,,,,,,,,,,,,1,1166,550,545,0,1095,,,,,,,
C:\Users\user\Documents\upsc\eci_downloads\S01_139_-_Nandyal\139_139_-_Nandyal\General_Election_Roll_2024\Booth_Details\139_p166_a87fbafa\139_p166_a87fbafa.json,,,,,,,,,,,"Municipal High School New Building, North left wing NGOs colony, Nandyal, Nandyal",GENERAL,,,,475,460,0,935,,,,,,,
C:\Users\user\Documents\upsc\eci_downloads\S01_139_-_Nandyal\139_139_-_Nandyal\General_Election_Roll_2024\Booth_Details\139_p167_15d95289\139_p167_15d95289.json,,,,,,,,,,167 - NANDYAL,"Municipal High school west wing, NGOs colony, Nandyal, Nandyal",,,,,424,495,0,919,NANDYAL,NANDYAL,NANDYAL,2 TOWN POLICE STATION NANDYAL,NANDYAL,NANDYAL,518501
C:\Users\user\Documents\upsc\eci_downloads\S01_139_-_Nandyal\139_139_-_Nandyal\General_Election_Roll_2024\Booth_Details\139_p168_79cf407d\139_p168_79cf407d.json,2024,S01,Andhra Pradesh,,,,,,,,,,,,,721,784,0,1505,NANDYAL,NANDYAL,NANDYAL,2 TOWN POLICE STATION NANDYAL,NANDYAL,NANDYAL,518501
C:\Users\user\Documents\upsc\eci_downloads\S01_139_-_Nandyal\139_139_-_Nandyal\General_Election_Roll_2024\Booth_Details\139_p169_e047ff63\139_p169_e047ff63.json,,,,139,NANDYAL,,17,NANDYAL (GEN),,169 - NANDYAL,"National PG College Health and Pinikal Education center Room No 1 Nandyal (Ngos Colony), Nandyal",,,1,902,434,438,0,872,NANDYAL,NANDYAL,NANDYAL,2 TOWN POLICE STATION NANDYAL,NANDYAL,NANDYAL,518501
C:\Users\user\Documents\upsc\eci_downloads\S01_139_-_Nandyal\139_139_-_Nandyal\General_Election_Roll_2024\Booth_Details\139_p16_d9d4e041\139_p16_d9d4e041.json,2024,S01,Andhra Pradesh,139,NANDYAL,,17,NANDYAL,,,"M P U P SCHOOLU,ROOM NO 1,BILLALAPURAM",,,,,433,445,0,878,,,,,,,
C:\Users\user\Documents\upsc\eci_downloads\S01_139_-_Nandyal\139_139_-_Nandyal\General_Election_Roll_2024\Booth_Details\139_p170_ac5e6cc8\139_p170_ac5e6cc8.json,,,,139,NANDYAL,,17,NANDYAL,170,,,,0,1,867,498,342,0,840,,,,,,,
C:\Users\user\Documents\upsc\eci_downloads\S01_139_-_Nandyal\139_139_-_Nandyal\General_Election_Roll_2024\Booth_Details\139_p171_01ac62ab\139_p171_01ac62ab.json,,,,139,NANDYAL,,17,,171,171 - NANDYALA,"Yekalavya Girijana Community Hall, Nivarathi Nagar, Nandyal",,,,,,,,,,,,,,,
C:\Users\user\Documents\upsc\eci_downloads\S01_139_-_Nandyal\139_139_-_Nandyal\General_Election_Roll_2024\Booth_Details\139_p172_d5942527\139_p172_d5942527.json,,,,,,,,,172,172 - NANDYAL,"Govt. Primary School, Viswanagar, Nandyal",GENERAL,0,,,611,662,2,1275,,,,,,,
C:\Users\user\Documents\upsc\eci_downloads\S01_139_-_Nandyal\139_139_-_Nandyal\General_Election_Roll_2024\Booth_Details\139_p173_6459bf37\139_p173_6459bf37.json,,,,139,NANDYAL,,17,NANDYAL,,,"Municipal High School ,North Wing, N G O Colony, Nandyal., Nandyal",,0,,,473,479,0,952,,,,,,,
C:\Users\user\Documents\upsc\eci_downloads\S01_139_-_Nandyal\139_139_-_Nandyal\General_Election_Roll_2024\Booth_Details\139_p174_f61db2a8\139_p174_f61db2a8.json,,,,139,NANDYAL,,17,NANDYAL,,,,,0,,,429,454,0,883,,,,,,,
C:\Users\user\Documents\upsc\eci_downloads\S01_139_-_Nandyal\139_139_-_Nandyal\General_Election_Roll_2024\Booth_Details\139_p175_c670bf95\139_p175_c670bf95.json,,,,,,,,,175,175 - NANDYALA,"MUNICIPAL PRIMARY SCHOOL TELUGU MEDIUM, SAI BABA NAGAR MIDDLE ROOM . NANDYAL",,0,1,828,417,383,0,800,NANDYAL,NANDYAL,NANDYAL,2 TOWN POLICE STATION NANDYAL,NANDYAL,NANDYAL,518501
C:\Users\user\Documents\upsc\eci_downloads\S01_139_-_Nandyal\139_139_-_Nandyal\General_Election_Roll_2024\Booth_Details\139_p176_f5fc4047\139_p176_f5fc4047.json,,,,139,NANDYAL,,17,NANDYAL,176,,,,,,,439,424,0,863,,,,,,,
C:\Users\user\Documents\upsc\eci_downloads\S01_139_-_Nandyal\139_139_-_Nandyal\General_Election_Roll_2024\Booth_Details\139_p177_2933a9bd\139_p177_2933a9bd.json,,,,139,NANDYAL,,17,NANDYAL,,,Deputy Executive Engineer (RWS) Vigilance and Quality Control room new Building Nandyal,GENERAL,,,,609,701,0,1310,,,,,,,
C:\Users\user\Documents\upsc\eci_downloads\S01_139_-_Nandyal\139_139_-_Nandyal\General_Election_Roll_2024\Booth_Details\139_p178_cfc448af\139_p178_cfc448af.json,2024,,,,,,,,,,,,,,,,,,,,,,,,,
C:\Users\user\Documents\upsc\eci_downloads\S01_139_-_Nandyal\139_139_-_Nandyal\General_Election_Roll_2024\Booth_Details\139_p179_f5058486\139_p179_f5058486.json,2024,S01,Andhra Pradesh,,,,,,,,,,,,,336,412,0,748,,,,,,,
C:\Users\user\Documents\upsc\eci_downloads\S01_139_-_Nandyal\139_139_-_Nandyal\General_Election_Roll_2024\Booth_Details\139_p17_da9749a1\139_p17_da9749a1.json,,,,,,,,,,,,,,,,413,410,0,823,,,,,,,
C:\Users\user\Documents\upsc\eci_downloads\S01_139_-_Nandyal\139_139_-_Nandyal\General_Election_Roll_2024\Booth_Details\139_p180_633271a3\139_p180_633271a3.json,2024,,,,,,,,,180 - NANDYALA,"POTTI SRIRAMULU MPL.P.SCHOOL,SOUTH ROOM-2 NANDYALA",GENERAL,0,1,1099,511,566,0,1077,NANDYAL,NANDYAL,NANDYAL,3 TOWN POLICE STATION NANDYAL,NANDYAL,NANDYAL,518501
C:\Users\user\Documents\upsc\eci_downloads\S01_139_-_Nandyal\139_139_-_Nandyal\General_Election_Roll_2024\Booth_Details\139_p181_80027a86\139_p181_80027a86.json,,,,,,,,,,,,,0,,,708,736,0,1444,,,,,,,
C:\Users\user\Documents\upsc\eci_downloads\S01_139_-_Nandyal\139_139_-_Nandyal\General_Election_Roll_2024\Booth_Details\139_p182_a7b96706\139_p182_a7b96706.json,2024,S01,Andhra Pradesh,,,,,,,"182 - Pottisriramulu Mpl. UP School, South wing","Sub Divisional Engineering Office PRI Sub Division Atmakur, Premises of MPDO Office Nandyal",,0,,,409,402,0,811,,,,,,,
C:\Users\user\Documents\upsc\eci_downloads\S01_139_-_Nandyal\139_139_-_Nandyal\General_Election_Roll_2024\Booth_Details\139_p183_490a9bbb\139_p183_490a9bbb.json,,,,139,NANDYAL,,17,NANDYAL,183,,"DEPUTY EXECUTIVE ENGINEER NEW BULDING PR OFFICE NUNEPALLI,NANDYALA",,0,,,,,,,,,,,,,
C:\Users\user\Documents\upsc\eci_downloads\S01_139_-_Nandyal\139_139_-_Nandyal\General_Election_Roll_2024\Booth_Details\139_p184_f4d9c028\139_p184_f4d9c028.json,2024,S01,Andhra Pradesh,139,NANDYAL,,17,NANDYAL,184,,,,,1,993,456,517,0,973,,,,,,,
C:\Users\user\Documents\upsc\eci_downloads\S01_139_-_Nandyal\139_139_-_Nandyal\General_Election_Roll_2024\Booth_Details\139_p185_b5aff215\139_p185_b5aff215.json,,,,139,NANDYAL (GEN),,17,,185,,,,0,,,,,,,,,,,,,
C:\Users\user\Documents\upsc\eci_downloads\S01_139_-_Nandyal\139_139_-_Nandyal\General_Election_Roll_2024\Booth_Details\139_p186_2d90a748\139_p186_2d90a748.json,,,,139,NANDYAL (GEN),,17,NANDYAL (GEN),186,,"MUNICIPAL PRIMARY SCHOOL ,SADIK NAGAR SOUTH ROOM NOONEPALLE . NANDYAL",GENERAL,,,,,,,,,,,,,,
C:\Users\user\Documents\upsc\eci_downloads\S01_139_-_Nandyal\139_139_-_Nandyal\General_Election_Roll_2024\Booth_Details\139_p187_47f447e4\139_p187_47f447e4.json,2024,,,139,NANDYAL,,17,NANDYAL,187,,"Tagore Municipal Primary schoolNorth Wing East Room, NOONEPALLI, NANDYAL, Nandyal",GENERAL,,1,1161,538,561,0,1099,NANDYAL,NANDYAL,NANDYAL,3 TOWN POLICE STATION NANDYAL,NANDYAL,NANDYAL,518501
C:\Users\user\Documents\upsc\eci_downloads\S01_139_-_Nandyal\139_139_-_Nandyal\General_Election_Roll_2024\Booth_Details\139_p188_acf22754\139_p188_acf22754.json,,,,139,NANDYAL,,17,NANDYAL,,,,,0,,,375,484,0,859,NANDYAL,NANDYAL,NANDYAL,3 TOWN POLICE STATION NANDYAL,NANDYAL,NANDYAL,518501
C:\Users\user\Documents\upsc\eci_downloads\S01_139_-_Nandyal\139_139_-_Nandyal\General_Election_Roll_2024\Booth_Details\139_p189_131bc557\139_p189_131bc557.json,,,,139,NANDYAL,,,,189,,,,,,,491,599,0,1090,NANDYAL,NANDYAL,NANDYAL,3 TOWN POLICE STATION NANDYAL,NANDYAL,NANDYAL,518501
C:\Users\user\Documents\upsc\eci_downloads\S01_139_-_Nandyal\139_139_-_Nandyal\General_Election_Roll_2024\Booth_Details\139_p18_b331ede9\139_p18_b331ede9.json,2024,,,,,,,,,18 - PEDDA KOTTHALA,"St.Joseph Primary School, 1 st classr room PEDDAKOTTHALA",,0,,,,,,,NANDYAL,KOTTALA,,,,,
C:\Users\user\Documents\upsc\eci_downloads\S01_139_-_Nandyal\139_139_-_Nandyal\General_Election_Roll_2024\Booth_Details\139_p190_4294648a\139_p190_4294648a.json,,,,139,NANDYAL,,17,NANDYAL,190,190 - NANDYALA,"UKG room, Anganwadi Pre-School Noonepalli",,,,,399,448,1,848,,,,,,,
C:\Users\user\Documents\upsc\eci_downloads\S01_139_-_Nandyal\139_139_-_Nandyal\General_Election_Roll_2024\Booth_Details\139_p191_c730c386\139_p191_c730c386.json,,,,139,NANDYAL,,17,NANDYAL,,,,,,,,439,460,0,899,,,,,,,
C:\Users\user\Documents\upsc\eci_downloads\S01_139_-_Nandyal\139_139_-_Nandyal\General_Election_Roll_2024\Booth_Details\139_p192_ef6281ee\139_p192_ef6281ee.json,,,,139,NANDYAL,,17,NANDYAL,192,192 - NANDYALA,"MUNICIPAL ELEMENTARY SCHOOL, RAILWAY LINE, EAST SIDE 1ST CLASS ROOM, NANDYAL, MUNICIPAL ELEMENTARY SCHOOL, RAILWAY LINE",,,,,585,683,0,1268,NANDYAL,NANDYAL,NANDYAL,3 TOWN POLICE STATION NANDYAL,NANDYAL,NANDYAL,518501
C:\Users\user\Documents\upsc\eci_downloads\S01_139_-_Nandyal\139_139_-_Nandyal\General_Election_Roll_2024\Booth_Details\139_p193_c3a2b69d\139_p193_c3a2b69d.json,,,,,,,,,,,,,,,,,,,,,,,,,,
C:\Users\user\Documents\upsc\eci_downloads\S01_139_-_Nandyal\139_139_-_Nandyal\General_Election_Roll_2024\Booth_Details\139_p194_cc684e2a\139_p194_cc684e2a.json,,,,139,NANDYAL,,17,NANDYAL,194,194 - NANDYALA,"Hindu Aided Primary School, Gandhi Nagar, 4th Class Room, Nandyal",GENERAL,,1,940,443,439,0,882,,,,,,,
C:\Users\user\Documents\upsc\eci_downloads\S01_139_-_Nandyal\139_139_-_Nandyal\General_Election_Roll_2024\Booth_Details\139_p195_cc833a03\139_p195_cc833a03.json,2024,,,,,,,,,195 - NANDYAL,"Hindu Aided Primary School, Gandhi Nagar, 3rd Class Room, Nandyal",,,,,639,623,0,1262,,,,,,,
C:\Users\user\Documents\upsc\eci_downloads\S01_139_-_Nandyal\139_139_-_Nandyal\General_Election_Roll_2024\Booth_Details\139_p196_dacb2cfa\139_p196_dacb2cfa.json,,,,139,NANDYAL,,17,NANDYAL,196,196 - NANDYAL,"Hindu Aided Primary School, Gandhi Nagar,Nandyal",,0,1,1061,513,513,0,1026,,,,,,,
C:\Users\user\Documents\upsc\eci_downloads\S01_139_-_Nandyal\139_139_-_Nandyal\General_Election_Roll_2024\Booth_Details\139_p197_1fd7961a\139_p197_1fd7961a.json,,,,139,NANDYAL,,17,NANDYAL,197,197 - NANDYALA,"Hindu Aided Primary School,2nd Class Room,Gandhi Nagar,Nandyal",,,,,533,532,0,1065,,,,,,,
C:\Users\user\Documents\upsc\eci_downloads\S01_139_-_Nandyal\139_139_-_Nandyal\General_Election_Roll_2024\Booth_Details\139_p198_796f3c89\139_p198_796f3c89.json,,,,139,NANDYAL,,17,NANDYAL,198,,,,,,,487,526,0,1013,,,,,,,
C:\Users\user\Documents\upsc\eci_downloads\S01_139_-_Nandyal\139_139_-_Nandyal\General_Election_Roll_2024\Booth_Details\139_p199_8ff1eee2\139_p199_8ff1eee2.json,,,,139,NANDYAL,,17,NANDYAL,199,,,,,,,460,455,0,915,,,,,,,
C:\Users\user\Documents\upsc\eci_downloads\S01_139_-_Nandyal\139_139_-_Nandyal\General_Election_Roll_2024\Booth_Details\139_p19_4afb5dd9\139_p19_4afb5dd9.json,,,,139,NANDYAL,,,,19,19 - PEDDA KOTTALA,"St.Joseph Primary School, 1 st classr room PEDDAKOTTHALA",,0,1,1155,527,576,0,1103,,,,,,,
C:\Users\user\Documents\upsc\eci_downloads\S01_139_-_Nandyal\139_139_-_Nandyal\General_Election_Roll_2024\Booth_Details\139_p1_113a3872\139_p1_113a3872.json,2024,S01,Andhra Pradesh,139,NANDYAL,GEN,17,,1,1 - POLURU,"M P E SCHOOL, 3 VA TARAGATI ROOM, POLURU, M P E SCHOOL, POLURU",GENERAL,0,1,852,403,433,0,836,NANDYAL,POLUR,POLUR,NANDYALA TALUKA POLICE STATION,NANDYAL,NANDYAL,518511
C:\Users\user\Documents\upsc\eci_downloads\S01_139_-_Nandyal\139_139_-_Nandyal\General_Election_Roll_2024\Booth_Details\139_p200_cb508e66\139_p200_cb508e66.json,,,,139,NANDYAL,,,,,,AP MODEL SCHOOL KRANTHI NAGAR H/O RYTHU NAGARAM. NANDYAL,,,1,1503,697,757,0,1454,,,,,,,
C:\Users\user\Documents\upsc\eci_downloads\S01_139_-_Nandyal\139_139_-_Nandyal\General_Election_Roll_2024\Booth_Details\139_p201_f231a6a1\139_p201_f231a6a1.json,,,,139,NANDYAL,,,,201,,"M.P.P.S., South Wing First Room, Venkateswar Puram VENKATESHWARAPURAM",,0,,,484,542,0,1026,,,,,,,
C:\Users\user\Documents\upsc\eci_downloads\S01_139_-_Nandyal\139_139_-_Nandyal\General_Election_Roll_2024\Booth_Details\139_p202_4f92a1b0\139_p202_4f92a1b0.json,,,,,,,,,,202 - UDUMULAPURAM,M P U P SCOOL UDUMULPURAM,,0,,,392,407,0,799,,,,,,,
C:\Users\user\Documents\upsc\eci_downloads\S01_139_-_Nandyal\139_139_-_Nandyal\General_Election_Roll_2024\Booth_Details\139_p203_32c5f346\139_p203_32c5f346.json,,,,,,,,,,,,,0,,,257,304,0,561,,,,,,,
C:\Users\user\Documents\upsc\eci_downloads\S01_139_-_Nandyal\139_139_-_Nandyal\General_Election_Roll_2024\Booth_Details\139_p204_97ec4ee5\139_p204_97ec4ee5.json,,,,,,,,,,,,,,,,,,,,,,,,,,
C:\Users\user\Documents\upsc\eci_downloads\S01_139_-_Nandyal\139_139_-_Nandyal\General_Election_Roll_2024\Booth_Details\139_p205_1bc5059e\139_p205_1bc5059e.json,,,,,,,,,,,,,,,,286,308,1,595,,,,,,,
C:\Users\user\Documents\upsc\eci_downloads\S01_139_-_Nandyal\139_139_-_Nandyal\General_Election_Roll_2024\Booth_Details\139_p206_43c2e6b7\139_p206_43c2e6b7.json,2024,,,,,,,,,206 - PANDURANGAPURAM,Mandal Parshid elementary school 3rd class room Pandurangapuram PANDURANGAPURAM,,,,,269,283,0,552,,,,,,,
C:\Users\user\Documents\upsc\eci_downloads\S01_139_-_Nandyal\139_139_-_Nandyal\General_Election_Roll_2024\Booth_Details\139_p207_94bb0425\139_p207_94bb0425.json,2024,,,139,NANDYAL,GEN,17,NANDYAL,,,,,,,,,,,,,,,,,,
C:\Users\user\Documents\upsc\eci_downloads\S01_139_-_Nandyal\139_139_-_Nandyal\General_Election_Roll_2024\Booth_Details\139_p208_095d87ac\139_p208_095d87ac.json,,,,139,NANDYAL,,17,NANDYAL,208,208 - CHAPIREVULA,"7th CLASS ROOM, ZILLA PARISHAD HIGH SCHOOL, 1-1 to 2-54",,,,,339,357,0,696,,,,,,,
C:\Users\user\Documents\upsc\eci_downloads\S01_139_-_Nandyal\139_139_-_Nandyal\General_Election_Roll_2024\Booth_Details\139_p209_f2abf8ea\139_p209_f2abf8ea.json,,,,139,NANDYAL (GEN),,17,NANDYAL (GEN),209,,,,,,,336,419,0,755,,,,,,,
C:\Users\user\Documents\upsc\eci_downloads\S01_139_-_Nandyal\139_139_-_Nandyal\General_Election_Roll_2024\Booth_Details\139_p20_3efd4f90\139_p20_3efd4f90.json,,,,139,NANDYAL,,17,NANDYAL,20,,,,,,,363,396,0,759,,,,,,,
C:\Users\user\Documents\upsc\eci_downloads\S01_139_-_Nandyal\139_139_-_Nandyal\General_Election_Roll_2024\Booth_Details\139_p210_08538266\139_p210_08538266.json,2024,,,,,,,,,210 - CHAPIREVULA,"9th CLASS ROOM, ZILLA PARISHAD HIGH SCHOOL, 2-55 to 3rd ward end",GENERAL,,,,349,412,0,761,,,,,,,
C:\Users\user\Documents\upsc\eci_downloads\S01_139_-_Nandyal\139_139_-_Nandyal\General_Election_Roll_2024\Booth_Details\139_p211_9ba9c8ff\139_p211_9ba9c8ff.json,,,,139,NANDYAL,,17,NANDYAL,211,211 - pusuluru,"M.P.U.P.SCHOOL, 1st Room from North West Corner, Pu PUSULURU",,0,,,477,464,0,941,,,,,,,
C:\Users\user\Documents\upsc\eci_downloads\S01_139_-_Nandyal\139_139_-_Nandyal\General_Election_Roll_2024\Booth_Details\139_p212_f7a31507\139_p212_f7a31507.json,,,,,,,,,,,"M.P.U.P.SCHOOL, 2nd Room from North West Corner, Pu PUSULURU",GENERAL,,1,868,,,,,,,,,,,
C:\Users\user\Documents\upsc\eci_downloads\S01_139_-_Nandyal\139_139_-_Nandyal\General_Election_Roll_2024\Booth_Details\139_p213_593e91be\139_p213_593e91be.json,,,,139,NANDYAL,,17,NANDYAL,213,,,,0,1,412,182,227,0,409,,,,,,,
C:\Users\user\Documents\upsc\eci_downloads\S01_139_-_Nandyal\139_139_-_Nandyal\General_Election_Roll_2024\Booth_Details\139_p214_5b02efcf\139_p214_5b02efcf.json,2024,S01,Andhra Pradesh,,,,,,,214 - MITNALA,"M.P.U.P.SCHOOL,E Corner and 6th ClassRoom,Mitnala. MI TNALA",GENERAL,,,,466,503,0,969,,,,,,,
C:\Users\user\Documents\upsc\eci_downloads\S01_139_-_Nandyal\139_139_-_Nandyal\General_Election_Roll_2024\Booth_Details\139_p215_11947195\139_p215_11947195.json,2024,,,139,NANDYAL,,17,NANDYAL,,,,,,,,315,330,0,645,,,,,,,
C:\Users\user\Documents\upsc\eci_downloads\S01_139_-_Nandyal\139_139_-_Nandyal\General_Election_Roll_2024\Booth_Details\139_p216_40807bb9\139_p216_40807bb9.json,,,,139,NANDYAL,,17,NANDYAL,,,,,0,,,388,453,1,842,,,,,,,
C:\Users\user\Documents\upsc\eci_downloads\S01_139_-_Nandyal\139_139_-_Nandyal\General_Election_Roll_2024\Booth_Details\139_p217_2a7c43d9\139_p217_2a7c43d9.json,,,,139,NANDYAL,,17,NANDYAL,217,,,,,,,579,632,0,1211,,,,,,,
C:\Users\user\Documents\upsc\eci_downloads\S01_139_-_Nandyal\139_139_-_Nandyal\General_Election_Roll_2024\Booth_Details\139_p218_7736f019\139_p218_7736f019.json,,,,,,,,,,,,,,,,,,,,,,,,,,
C:\Users\user\Documents\upsc\eci_downloads\S01_139_-_Nandyal\139_139_-_Nandyal\General_Election_Roll_2024\Booth_Details\139_p219_1ee3078f\139_p219_1ee3078f.json,,,,139,NANDYAL,,17,NANDYAL,219,,"Mandal Parishad Uppar Primary School 4th class Room Kanala, Kanala",,0,1,670,312,326,0,638,,,,,,,
C:\Users\user\Documents\upsc\eci_downloads\S01_139_-_Nandyal\139_139_-_Nandyal\General_Election_Roll_2024\Booth_Details\139_p21_1678c364\139_p21_1678c364.json,,,,139,NANDYAL,,17,NANDYAL,21,,,,0,,,137,164,0,301,,,,,,,
C:\Users\user\Documents\upsc\eci_downloads\S01_139_-_Nandyal\139_139_-_Nandyal\General_Election_Roll_2024\Booth_Details\139_p220_8d1276c4\139_p220_8d1276c4.json,2024,S01,Andhra Pradesh,,,,,,,220 - KANALA,"Mandal Parishad Uppar Primary School 7th class Room Kanala, Kanala",GENERAL,,,,325,334,1,660,,,,,,,
C:\Users\user\Documents\upsc\eci_downloads\S01_139_-_Nandyal\139_139_-_Nandyal\General_Election_Roll_2024\Booth_Details\139_p221_a9e4bf40\139_p221_a9e4bf40.json,,,,139,NANDYAL,,17,NANDYAL,221,221 - KANALA,"Mandal Parishad Uppar Primary Urdu School Kanala, Kanala",GENERAL,,,,,,,,,,,,,,
C:\Users\user\Documents\upsc\eci_downloads\S01_139_-_Nandyal\139_139_-_Nandyal\General_Election_Roll_2024\Booth_Details\139_p222_4a010da1\139_p222_4a010da1.json,,,,,,,,,222,,,,0,1,1012,456,488,0,944,,,,,,,
C:\Users\user\Documents\upsc\eci_downloads\S01_139_-_Nandyal\139_139_-_Nandyal\General_Election_Roll_2024\Booth_Details\139_p223_d235f04b\139_p223_d235f04b.json,,,,,,,,,,,,,1,,,,,,,,,,,,,
C:\Users\user\Documents\upsc\eci_downloads\S01_139_-_Nandyal\139_139_-_Nandyal\General_Election_Roll_2024\Booth_Details\139_p224_5478d345\139_p224_5478d345.json,,,,139,NANDYAL (GEN),,,,224,224 - RAITUNAGARAM,"M P E SCHOOL,OLD BUILDING, RYUTHUNAGARAM, RHYTHUNAGARAM",,,,,647,667,0,1314,,,,,,,
C:\Users\user\Documents\upsc\eci_downloads\S01_139_-_Nandyal\139_139_-_Nandyal\General_Election_Roll_2024\Booth_Details\139_p225_89b271fb\139_p225_89b271fb.json,,,,,,,,,,225 - AYYA LURU,M.P.U.P.S.URDU AYYA LURU,GENERAL,0,,,,,,,,,,,,,
C:\Users\user\Documents\upsc\eci_downloads\S01_139_-_Nandyal\139_139_-_Nandyal\General_Election_Roll_2024\Booth_Details\139_p226_68af90f7\139_p226_68af90f7.json,2024,,,139,NANDYAL (GEN),,17,NANDYAL (GEN),226,226 - Ayyaluru,M.P.U.P.S. URDU AYYALURU,GENERAL,,,,432,439,0,871,,,,,,,
C:\Users\user\Documents\upsc\eci_downloads\S01_139_-_Nandyal\139_139_-_Nandyal\General_Election_Roll_2024\Booth_Details\139_p227_33891fe7\139_p227_33891fe7.json,,,,139,NANDYAL,,17,NANDYAL,,,"Mandal Parishad Uppar Primary School West Room No 1 Ayyalur, Ayyaluru",,,1,981,480,487,0,967,,,,,,,
C:\Users\user\Documents\upsc\eci_downloads\S01_139_-_Nandyal\139_139_-_Nandyal\General_Election_Roll_2024\Booth_Details\139_p228_98578ee2\139_p228_98578ee2.json,,,,139,NANDYAL,,17,NANDYAL,,,"Mandal Parishad Uppar Primary School West Room No 2 Ayyalur, Ayyaluru",,,,,,,,,,,,,,,
C:\Users\user\Documents\upsc\eci_downloads\S01_139_-_Nandyal\139_139_-_Nandyal\General_Election_Roll_2024\Booth_Details\139_p229_9ce9e2f3\139_p229_9ce9e2f3.json,2024,,,,,,,,,,,,,,,408,448,0,856,,,,,,,
C:\Users\user\Documents\upsc\eci_downloads\S01_139_-_Nandyal\139_139_-_Nandyal\General_Election_Roll_2024\Booth_Details\139_p22_b0b4f5e1\139_p22_b0b4f5e1.json,2024,S01,Andhra Pradesh,,,,,,,,,,0,1,546,227,222,0,449,,,,,,,
C:\Users\user\Documents\upsc\eci_downloads\S01_139_-_Nandyal\139_139_-_Nandyal\General_Election_Roll_2024\Booth_Details\139_p230_022145b9\139_p230_022145b9.json,,,,139,NANDYAL,,17,NANDYAL,230,,,,0,,,509,506,0,1015,,,,,,,
C:\Users\user\Documents\upsc\eci_downloads\S01_139_-_Nandyal\139_139_-_Nandyal\General_Election_Roll_2024\Booth_Details\139_p231_99cdc02f\139_p231_99cdc02f.json,2024,,Andhra Pradesh,,,,,,,,,,,,,,,,,,,,,,,
C:\Users\user\Documents\upsc\eci_downloads\S01_139_-_Nandyal\139_139_-_Nandyal\General_Election_Roll_2024\Booth_Details\139_p232_4ec5888f\139_p232_4ec5888f.json,,,,139,NANDYAL,,17,,232,,"Mandal parishad Uppar Primary School South side Room No 2 Ponnapuram, PONNAPURAM",GENERAL,0,1,1145,526,577,0,1103,,,,,,,
C:\Users\user\Documents\upsc\eci_downloads\S01_139_-_Nandyal\139_139_-_Nandyal\General_Election_Roll_2024\Booth_Details\139_p233_dd7613c8\139_p233_dd7613c8.json,2024,S01,Andhra Pradesh,139,NANDYAL,,17,NANDYAL,,,"Mandal parishad Primary School North side Ponnapuram colony, Ponnapuram",GENERAL,,1,751,312,404,0,716,,,,,,,
C:\Users\user\Documents\upsc\eci_downloads\S01_139_-_Nandyal\139_139_-_Nandyal\General_Election_Roll_2024\Booth_Details\139_p234_d192a8ee\139_p234_d192a8ee.json,,,,139,NANDYAL,,17,NANDYAL,234,,,,,,,265,292,0,557,,,,,,,
C:\Users\user\Documents\upsc\eci_downloads\S01_139_-_Nandyal\139_139_-_Nandyal\General_Election_Roll_2024\Booth_Details\139_p235_388f7fc9\139_p235_388f7fc9.json,,,,139,NANDYAL,,17,NANDYAL,235,235 - ponnapuram colony,"Mandal parishad Primary School West side Ponnapuram colony, Ponnapuram",GENERAL,,,,558,626,0,1184,,,,,,,
C:\Users\user\Documents\upsc\eci_downloads\S01_139_-_Nandyal\139_139_-_Nandyal\General_Election_Roll_2024\Booth_Details\139_p236_605acdb1\139_p236_605acdb1.json,,,,139,NANDYAL,,17,NANDYAL,,236 - chaabolu,"MANDAL PARISHAD PRIMARY SCHOOL, (SPL), CHABOLU, chaabolu",,0,,,400,435,0,835,,,,,,,
C:\Users\user\Documents\upsc\eci_downloads\S01_139_-_Nandyal\139_139_-_Nandyal\General_Election_Roll_2024\Booth_Details\139_p237_c8125054\139_p237_c8125054.json,,,,,,,,,,,,,,,,,,,,,,,,,,
C:\Users\user\Documents\upsc\eci_downloads\S01_139_-_Nandyal\139_139_-_Nandyal\General_Election_Roll_2024\Booth_Details\139_p238_4850009a\139_p238_4850009a.json,,,,139,NANDYAL,,17,NANDYAL,238,,"ZILLA PARISHAD HIGH SCHOOL, EAST SIDE, CHABOLU, ZILLA PARISHAD HIGH SCHOOL CHABOLU",,0,,,,,,,,,,,,,
C:\Users\user\Documents\upsc\eci_downloads\S01_139_-_Nandyal\139_139_-_Nandyal\General_Election_Roll_2024\Booth_Details\139_p239_156fd403\139_p239_156fd403.json,,,,139,NANDYAL,,,,239,,,,0,,,323,334,0,657,,,,,,,
C:\Users\user\Documents\upsc\eci_downloads\S01_139_-_Nandyal\139_139_-_Nandyal\General_Election_Roll_2024\Booth_Details\139_p23_bd8db778\139_p23_bd8db778.json,,,,139,NANDYAL,,17,NANDYAL,23,,"ST.JOSEPH SCHOOLU,7 VA TARAGATI ROOM PEDDA KOTT ALA",,0,,,360,355,0,715,,,,,,,
C:\Users\user\Documents\upsc\eci_downloads\S01_139_-_Nandyal\139_139_-_Nandyal\General_Election_Roll_2024\Booth_Details\139_p240_2571e9a8\139_p240_2571e9a8.json,,,,139,NANDYAL,,17,NANDYAL,240,,"ZILLA PARISHAD HIGH SCHOOL, WEST SIDE, CHABOLU, ZILLA PARISHAD HIGH SCHOOL, CHABOLU",,,1,767,337,380,0,717,,,,,,,
C:\Users\user\Documents\upsc\eci_downloads\S01_139_-_Nandyal\139_139_-_Nandyal\General_Election_Roll_2024\Booth_Details\139_p241_75a31b39\139_p241_75a31b39.json,,,,139,NANDYAL,,17,NANDYAL,241,,,,,,,301,343,0,644,,,,,,,
C:\Users\user\Documents\upsc\eci_downloads\S01_139_-_Nandyal\139_139_-_Nandyal\General_Election_Roll_2024\Booth_Details\139_p242_7d5c9429\139_p242_7d5c9429.json,,,,,,,,,,"242 - SAMBAVARAM,PARVATHIPURAM","M P U P SCOOLU,7 VA TARAGATI ROOM,,SOUTH .SAMBAVARAM, M P U P SCHOOL SAMBAVARAM",,,,,567,618,0,1185,,,,,,,
C:\Users\user\Documents\upsc\eci_downloads\S01_139_-_Nandyal\139_139_-_Nandyal\General_Election_Roll_2024\Booth_Details\139_p243_981aa5d4\139_p243_981aa5d4.json,,,,,,,,,,"243 - SAMBAVARAM, PARVATIPURAM","M P U P SCOOL NORTH, 6 VA TARAGATI ROOM PARVATHIPURAM",,,,,476,511,0,987,,,,,,,
C:\Users\user\Documents\upsc\eci_downloads\S01_139_-_Nandyal\139_139_-_Nandyal\General_Election_Roll_2024\Booth_Details\139_p244_8a387ecc\139_p244_8a387ecc.json,2024,,,139,NANDYAL,,17,NANDYAL,244,,Z P H SCOOL 6TH CLAASU DEEBAGUNTLA,GENERAL,,,,455,455,0,910,,,,,,,
C:\Users\user\Documents\upsc\eci_downloads\S01_139_-_Nandyal\139_139_-_Nandyal\General_Election_Roll_2024\Booth_Details\139_p245_398a8e85\139_p245_398a8e85.json,,,,,,,,,,,,,,,,380,381,0,761,,,,,,,
C:\Users\user\Documents\upsc\eci_downloads\S01_139_-_Nandyal\139_139_-_Nandyal\General_Election_Roll_2024\Booth_Details\139_p246_fdc2a2eb\139_p246_fdc2a2eb.json,,,,,,,,,246,"246 - DEEBAGUNTLA,BABA NAGAR","M.P.P.SCHOOL, SOUTH WEST ROOM. DEEBAGUNTLA, DEEBAGUNTLA",,,,,,,,,,,,,,,
C:\Users\user\Documents\upsc\eci_downloads\S01_139_-_Nandyal\139_139_-_Nandyal\General_Election_Roll_2024\Booth_Details\139_p247_0f03a07f\139_p247_0f03a07f.json,2024,S01,Andhra Pradesh,139,NANDYAL,,17,NANDYAL,,,"M.P.P.SCHOOL, SOUTH WEST ROOM DEEBAGUNTLA, DEEBAGUNTLA",,,1,935,443,489,0,932,,,,,,,
C:\Users\user\Documents\upsc\eci_downloads\S01_139_-_Nandyal\139_139_-_Nandyal\General_Election_Roll_2024\Booth_Details\139_p248_d778d27c\139_p248_d778d27c.json,,,,139,NANDYAL,,17,NANDYAL,248,248 - KANALAPALLE,"M P Primary SCHOOL,KANALAPALLI,WEST SIDE, KANALAPALLE",GENERAL,,,,,,,,,,,,,,
C:\Users\user\Documents\upsc\eci_downloads\S01_139_-_Nandyal\139_139_-_Nandyal\General_Election_Roll_2024\Booth_Details\139_p249_b5d82bf1\139_p249_b5d82bf1.json,,,,,,,,,,249 - Kanalapalle,"M.P.Primary School, Kanalapalli, South West Corner KANALAPALLI",GENERAL,,,,402,404,0,806,,,,,,,
C:\Users\user\Documents\upsc\eci_downloads\S01_139_-_Nandyal\139_139_-_Nandyal\General_Election_Roll_2024\Booth_Details\139_p24_5dbeb4e7\139_p24_5dbeb4e7.json,2024,S01,Andhra Pradesh,139,NANDYAL,,17,NANDYAL,24,24 - PEDDAKOTTALA,"St.Jospeh School, 10thclass Peddakottala PEDDA KOTTALA",,0,,,404,454,0,858,,,,,,,
C:\Users\user\Documents\upsc\eci_downloads\S01_139_-_Nandyal\139_139_-_Nandyal\General_Election_Roll_2024\Booth_Details\139_p250_b81f5ffe\139_p250_b81f5ffe.json,,,,,,,,,,,,,0,,,,,,,,,,,,,
C:\Users\user\Documents\upsc\eci_downloads\S01_139_-_Nandyal\139_139_-_Nandyal\General_Election_Roll_2024\Booth_Details\139_p251_6ba0966a\139_p251_6ba0966a.json,,,,139,NANDYAL,,,,251,251 - S.NAGALAVARAM,"M P P SCHOOL, 1VA TARAGATI ROOM .S NAAGULAVARA",,0,,,372,396,1,769,,,,,,,
C:\Users\user\Documents\upsc\eci_downloads\S01_139_-_Nandyal\139_139_-_Nandyal\General_Election_Roll_2024\Booth_Details\139_p252_be149f06\139_p252_be149f06.json,,,,139,NANDYAL,,17,NANDYAL,,,,,,,,533,552,0,1085,,,,,,,
C:\Users\user\Documents\upsc\eci_downloads\S01_139_-_Nandyal\139_139_-_Nandyal\General_Election_Roll_2024\Booth_Details\139_p253_c8fd86d2\139_p253_c8fd86d2.json,,,,139,NANDYAL (GEN),,17,NANDYAL (GEN),253,,,,0,1,1143,563,553,0,1116,,,,,,,
C:\Users\user\Documents\upsc\eci_downloads\S01_139_-_Nandyal\139_139_-_Nandyal\General_Election_Roll_2024\Booth_Details\139_p254_edc8bb81\139_p254_edc8bb81.json,,,,,,,,,,254 - JULePALLE,"M P P SCOOL,NORTH,1,2,3 TARAGATI ROOMS JULEPALLE",GENERAL,0,,,,,,,NANDYAL,JULEPALLE,,,,,
C:\Users\user\Documents\upsc\eci_downloads\S01_139_-_Nandyal\139_139_-_Nandyal\General_Election_Roll_2024\Booth_Details\139_p255_5badcae5\139_p255_5badcae5.json,,,,139,NANDYAL (GEN),,17,NANDYAL (GEN),255,,"Mandal Parishad Adarsha Patashala, Pasurapadu 4,5, Taragati Rooms, Pasurapadu",,0,1,1069,496,529,0,1025,,,,,,,
C:\Users\user\Documents\upsc\eci_downloads\S01_139_-_Nandyal\139_139_-_Nandyal\General_Election_Roll_2024\Booth_Details\139_p256_171e1a16\139_p256_171e1a16.json,,,,139,NANDYAL,,17,,256,256 - PASURAPADU,"Mandal Parishad Adarsha Patashala,Pasurapadu, 3 VA Taragati Room, Pasurapadu",,0,1,777,347,405,0,752,,,,,,,
C:\Users\user\Documents\upsc\eci_downloads\S01_139_-_Nandyal\139_139_-_Nandyal\General_Election_Roll_2024\Booth_Details\139_p257_fac234ea\139_p257_fac234ea.json,2024,,,139,NANDYAL,,17,NANDYAL,257,,"M P P SCHOOL, TELLAPURI ,1,2,3 Taragati Rooms, Tellapuri",,,,,328,361,0,689,,,,,,,
C:\Users\user\Documents\upsc\eci_downloads\S01_139_-_Nandyal\139_139_-_Nandyal\General_Election_Roll_2024\Booth_Details\139_p258_d0d0a689\139_p258_d0d0a689.json,,,,139,NANDYAL (GEN),,17,,258,,,,0,,,242,272,0,514,,,,,,,
C:\Users\user\Documents\upsc\eci_downloads\S01_139_-_Nandyal\139_139_-_Nandyal\General_Election_Roll_2024\Booth_Details\139_p259_700c799c\139_p259_700c799c.json,,,,,,,,,,,,,,,,,,,,,,,,,,
C:\Users\user\Documents\upsc\eci_downloads\S01_139_-_Nandyal\139_139_-_Nandyal\General_Election_Roll_2024\Booth_Details\139_p25_c4c40718\139_p25_c4c40718.json,,,,,,,,,,,,,,,,677,770,0,1447,,,,,,,
C:\Users\user\Documents\upsc\eci_downloads\S01_139_-_Nandyal\139_139_-_Nandyal\General_Election_Roll_2024\Booth_Details\139_p260_0a68f93c\139_p260_0a68f93c.json,2024,,,139,NANDYAL,,17,NANDYAL,260,260 - ONTIVELAGALA,"M P P SCOOL ,4 VA TARAGATI ROOM ,ONTIVELAGALA",,,1,800,379,405,0,784,,,,,,,
C:\Users\user\Documents\upsc\eci_downloads\S01_139_-_Nandyal\139_139_-_Nandyal\General_Election_Roll_2024\Booth_Details\139_p261_7538352e\139_p261_7538352e.json,,,,,,,,,,,"M.P.P S,Gospadu, East Side Room (MRC Building) GOSPADU",GENERAL,,,,,,,,,,,,,,
C:\Users\user\Documents\upsc\eci_downloads\S01_139_-_Nandyal\139_139_-_Nandyal\General_Election_Roll_2024\Booth_Details\139_p262_07c0d8c5\139_p262_07c0d8c5.json,,,,139,NANDYAL,,17,NANDYAL,262,262 - GOSPADU,"M.P.P.S., Gospadu, South East Side Room. GOSPADU",,0,,,374,425,0,799,NANDYAL,GOSPADU,GOSPADU,GOSPADU,GOSPADU,NANDYAL,518674
C:\Users\user\Documents\upsc\eci_downloads\S01_139_-_Nandyal\139_139_-_Nandyal\General_Election_Roll_2024\Booth_Details\139_p263_8e59120a\139_p263_8e59120a.json,,,,,,,,,263,,"D.V.S.R.Parishad H School,Gospadu,North West side. GOSPADU",GENERAL,,1,967,462,487,1,950,,,,,,,
C:\Users\user\Documents\upsc\eci_downloads\S01_139_-_Nandyal\139_139_-_Nandyal\General_Election_Roll_2024\Booth_Details\139_p264_4342014f\139_p264_4342014f.json,2024,S01,Andhra Pradesh,,,,,,,,,,,,,,,,,,,,,,,
C:\Users\user\Documents\upsc\eci_downloads\S01_139_-_Nandyal\139_139_-_Nandyal\General_Election_Roll_2024\Booth_Details\139_p265_a30f72dd\139_p265_a30f72dd.json,,,,139,NANDYAL,,17,NANDYAL,265,,,,,,,376,364,0,740,,,,,,,
C:\Users\user\Documents\upsc\eci_downloads\S01_139_-_Nandyal\139_139_-_Nandyal\General_Election_Roll_2024\Booth_Details\139_p266_d1014d77\139_p266_d1014d77.json,,,,139,NANDYAL (GEN),,17,NANDYAL (GEN),,266 - Jillella,"M.P.U.P.School, Jillella, East Side, JILLELLA",,,,,341,372,0,713,,,,,,,
C:\Users\user\Documents\upsc\eci_downloads\S01_139_-_Nandyal\139_139_-_Nandyal\General_Election_Roll_2024\Booth_Details\139_p267_89e2134d\139_p267_89e2134d.json,,,,139,NANDYAL,,17,NANDYAL,267,,,,,,,411,408,0,819,,,,,,,
C:\Users\user\Documents\upsc\eci_downloads\S01_139_-_Nandyal\139_139_-_Nandyal\General_Election_Roll_2024\Booth_Details\139_p268_18e837b3\139_p268_18e837b3.json,2024,S01,Andhra Pradesh,,,,,,,268 - JILLELLA,"MANDAL PARISHAD UPPAR PRIMARY SCHOOL, 1st Class Room Jillella.",,,,,302,284,0,586,,,,,,,
C:\Users\user\Documents\upsc\eci_downloads\S01_139_-_Nandyal\139_139_-_Nandyal\General_Election_Roll_2024\Booth_Details\139_p269_1822921c\139_p269_1822921c.json,2024,S01,,,,,,,,"269 - JILLELA, SATYANARAYANA PURAM","MANDAL PARISHAD UPPAR PRIMARY SCHOOL,5th Class Room Jillella.",,0,,,457,544,0,1001,,,,,,,
C:\Users\user\Documents\upsc\eci_downloads\S01_139_-_Nandyal\139_139_-_Nandyal\General_Election_Roll_2024\Booth_Details\139_p26_14a811c2\139_p26_14a811c2.json,2024,,,139,NANDYAL,,17,NANDYAL,26,26 - Y.S.R NAGAR,"M.P.U.P.S,Y.S.R NAGAR NANDYALA",,1,,,732,760,2,1494,,,,,,,
C:\Users\user\Documents\upsc\eci_downloads\S01_139_-_Nandyal\139_139_-_Nandyal\General_Election_Roll_2024\Booth_Details\139_p270_c18bba13\139_p270_c18bba13.json,,,,139,NANDYAL,,17,NANDYAL,270,270 - M.KRISHNA PURAM,"M.P.U.P. S, M.Krishnapuram,, North East Corner, M KRISHNAPURAM",,0,,,351,383,0,734,,,,,,,
C:\Users\user\Documents\upsc\eci_downloads\S01_139_-_Nandyal\139_139_-_Nandyal\General_Election_Roll_2024\Booth_Details\139_p271_4c81ce55\139_p271_4c81ce55.json,,,,139,NANDYAL,,17,NANDYAL,271,271 - M.Krishnapuram,"M.P.U.P.S., M.Krishnapuram, South east Corner, M.KRISHNAPURAM",GENERAL,,,,363,348,0,711,,,,,,,
C:\Users\user\Documents\upsc\eci_downloads\S01_139_-_Nandyal\139_139_-_Nandyal\General_Election_Roll_2024\Booth_Details\139_p272_23eaa2fd\139_p272_23eaa2fd.json,,,,139,NANDYAL,,,,272,,,,,,,375,425,0,800,,,,,,,
C:\Users\user\Documents\upsc\eci_downloads\S01_139_-_Nandyal\139_139_-_Nandyal\General_Election_Roll_2024\Booth_Details\139_p273_926bf002\139_p273_926bf002.json,,,,139,NANDYAL,,17,NANDYAL,273,273 - Yalluru,"Z.P.H.SCOOL,7 VA TARAGATI ROOM YALLURU, Z.P.H.SCOOL Yalluru",,,,,312,347,1,660,,,,,,,
C:\Users\user\Documents\upsc\eci_downloads\S01_139_-_Nandyal\139_139_-_Nandyal\General_Election_Roll_2024\Booth_Details\139_p274_466aa1b1\139_p274_466aa1b1.json,,,,,,,,,,274 - YALLURU,GRAMAPANCHAYATHI OFFICE BUILDING YALLURU,GENERAL,,1,677,312,358,0,670,,,,,,,
C:\Users\user\Documents\upsc\eci_downloads\S01_139_-_Nandyal\139_139_-_Nandyal\General_Election_Roll_2024\Booth_Details\139_p275_8dc2b711\139_p275_8dc2b711.json,,,,139,NANDYAL,,17,NANDYAL,275,"275 - YALLUR VILLAGE, GOSPADU MANDAL",Old Grama Panchayat Office 2-88 to 3rd ward end,,0,,,331,323,0,654,,,,,,,
C:\Users\user\Documents\upsc\eci_downloads\S01_139_-_Nandyal\139_139_-_Nandyal\General_Election_Roll_2024\Booth_Details\139_p276_82498bc0\139_p276_82498bc0.json,,,,,,,,,,,"M P ELEMENTRY SCHOOL ,CLASS ROOOM-2 YALLURU",GENERAL,,1,659,295,347,0,642,NANDYAL,YALLURU,YALLURU,GOSPADU,GOSPADU,NANDYAL,518573
C:\Users\user\Documents\upsc\eci_downloads\S01_139_-_Nandyal\139_139_-_Nandyal\General_Election_Roll_2024\Booth_Details\139_p277_9e70fe30\139_p277_9e70fe30.json,,,,139,NANDYAL,,17,NANDYAL,277,"277 - YALLUR VILLAGE, GOSPADU MANDAL","1st class room, M.P.Ele.School, Yallur village, 4-1 to 7-67",,0,,,291,321,0,612,NANDYAL,YALLURU,YALLURU,GOSPADU,GOSPADU,NANDYAL,518573
C:\Users\user\Documents\upsc\eci_downloads\S01_139_-_Nandyal\139_139_-_Nandyal\General_Election_Roll_2024\Booth_Details\139_p278_b30f77b1\139_p278_b30f77b1.json,,,,139,NANDYAL,GEN,17,NANDYAL,278,,,,0,,,,,,,,,,,,,
C:\Users\user\Documents\upsc\eci_downloads\S01_139_-_Nandyal\139_139_-_Nandyal\General_Election_Roll_2024\Booth_Details\139_p279_b18cc65c\139_p279_b18cc65c.json,,,,,,,,,,,"M P S SCOOL,HARIJANA WADA,1 & 2 TARAGATI ROOM YALLURU, M P S SCOOL,HARIJANA WADA yalluru",,0,,,,,,,,,,,,,
C:\Users\user\Documents\upsc\eci_downloads\S01_139_-_Nandyal\139_139_-_Nandyal\General_Election_Roll_2024\Booth_Details\139_p27_c2ac5bbe\139_p27_c2ac5bbe.json,,,,139,NANDYAL,GEN,17,NANDYAL,27,,,,,,,,,,,,,,,,,
C:\Users\user\Documents\upsc\eci_downloads\S01_139_-_Nandyal\139_139_-_Nandyal\General_Election_Roll_2024\Booth_Details\139_p280_791884fb\139_p280_791884fb.json,2024,S01,,139,NANDYAL,,17,NANDYAL,,,,,,1,680,326,345,0,671,,,,,,,
C:\Users\user\Documents\upsc\eci_downloads\S01_139_-_Nandyal\139_139_-_Nandyal\General_Election_Roll_2024\Booth_Details\139_p281_ee3abee1\139_p281_ee3abee1.json,,,,139,NANDYAL,,17,NANDYAL,,281 - B.V.NAGAR,M P ELEMENTRY SCHOOL B V NAGAR H/O YALLUR VILAGE,,,,,210,233,0,443,,,,,,,
C:\Users\user\Documents\upsc\eci_downloads\S01_139_-_Nandyal\139_139_-_Nandyal\General_Election_Roll_2024\Booth_Details\139_p28_db3c2145\139_p28_db3c2145.json,,,,139,NANDYAL,,17,NANDYAL,28,28 - Y.S.R NAGAR,"M P U P School Room No 3 Nandamuri Nagar, Nandamuri nagar",,,,,677,751,1,1429,,,,,,,
C:\Users\user\Documents\upsc\eci_downloads\S01_139_-_Nandyal\139_139_-_Nandyal\General_Election_Roll_2024\Booth_Details\139_p29_7aa20bf4\139_p29_7aa20bf4.json,,,,,,,,,,29 - Y S R NAGAR,"KASTHURIBA GANDHI BALIKA VIDYALAYAM CLASS ROOM-7 Y S R NAGAR ,NANDYALA",,,,,637,746,1,1384,,,,,,,
C:\Users\user\Documents\upsc\eci_downloads\S01_139_-_Nandyal\139_139_-_Nandyal\General_Election_Roll_2024\Booth_Details\139_p2_287ae85f\139_p2_287ae85f.json,,,,,,,,,,2 - POLURU,"Mandal Parishad Elementary School,2nd class, Polur",GENERAL,0,,,352,373,0,725,,,,,,,
C:\Users\user\Documents\upsc\eci_downloads\S01_139_-_Nandyal\139_139_-_Nandyal\General_Election_Roll_2024\Booth_Details\139_p30_20d8962b\139_p30_20d8962b.json,2024,,,139,NANDYAL,,17,NANDYAL,30,"30 - Y S R NAGAR,NANDYAL","KASTHURIBA GANDHI BALIKA VIDYALAYAM CLASS ROOM-9 Y S R NAGAR,NANDYAL",,0,,,561,657,0,1218,,,,,,,
C:\Users\user\Documents\upsc\eci_downloads\S01_139_-_Nandyal\139_139_-_Nandyal\General_Election_Roll_2024\Booth_Details\139_p31_7aaf21b8\139_p31_7aaf21b8.json,,,,139,NANDYAL,,17,NANDYAL,31,,,,0,,,562,581,0,1143,,,,,,,
C:\Users\user\Documents\upsc\eci_downloads\S01_139_-_Nandyal\139_139_-_Nandyal\General_Election_Roll_2024\Booth_Details\139_p32_3b9c51a1\139_p32_3b9c51a1.json,,,,139,NANDYAL,,17,NANDYAL,32,32 - NANDYALA,"Govt Girls High School, South wing Room No 3 Near RTC Bustand, Nandyal, Nandyal",,0,1,1074,521,528,0,1049,,,,,,,
C:\Users\user\Documents\upsc\eci_downloads\S01_139_-_Nandyal\139_139_-_Nandyal\General_Election_Roll_2024\Booth_Details\139_p33_101f1b23\139_p33_101f1b23.json,2024,S01,Andhra Pradesh,,,,,,,,"Govt Girls High School, North wing Room No 5 Near RTC Bustand, Nandyal, Nandyal",GENERAL,,,,,,,,,,,,,,
C:\Users\user\Documents\upsc\eci_downloads\S01_139_-_Nandyal\139_139_-_Nandyal\General_Election_Roll_2024\Booth_Details\139_p34_2b8659db\139_p34_2b8659db.json,,,,139,NANDYAL,,17,NANDYAL,34,34 - NANDYALA,"Govt Girls High School, South wing Room No 5 Near RTC Bustand, Nandyal, Nandyal",,0,,,566,611,0,1177,NANDYAL,NANDYAL,NANDYAL,2 TOWN POLICE STATION NANDYAL,NANDYAL,NANDYAL,518501
C:\Users\user\Documents\upsc\eci_downloads\S01_139_-_Nandyal\139_139_-_Nandyal\General_Election_Roll_2024\Booth_Details\139_p35_ac73df23\139_p35_ac73df23.json,,,,139,NANDYAL,,17,NANDYAL,35,,,,0,,,509,547,1,1057,,,,,,,
C:\Users\user\Documents\upsc\eci_downloads\S01_139_-_Nandyal\139_139_-_Nandyal\General_Election_Roll_2024\Booth_Details\139_p36_6208d597\139_p36_6208d597.json,,,,139,NANDYAL,GEN,17,NANDYAL,,36 - NANDYAL,Chinmaya Mission Vidyalaya Nandyal,,0,,,,,,,,,,,,,
C:\Users\user\Documents\upsc\eci_downloads\S01_139_-_Nandyal\139_139_-_Nandyal\General_Election_Roll_2024\Booth_Details\139_p37_463a541a\139_p37_463a541a.json,,,,139,NANDYAL,,,,37,,"Chinmayya Mission vidyalaya West Side Room 1 Near RTC Bus stand Nandyal, Nandyal",,0,,,520,569,0,1089,,,,,,,
C:\Users\user\Documents\upsc\eci_downloads\S01_139_-_Nandyal\139_139_-_Nandyal\General_Election_Roll_2024\Booth_Details\139_p38_4358dd86\139_p38_4358dd86.json,,,,139,NANDYAL (GEN),,17,NANDYAL (GEN),38,,,,0,,,631,665,0,1296,,,,,,,
C:\Users\user\Documents\upsc\eci_downloads\S01_139_-_Nandyal\139_139_-_Nandyal\General_Election_Roll_2024\Booth_Details\139_p39_fde2248f\139_p39_fde2248f.json,,,,,,,,,39,,"Chinmayya Mission vidyalaya West side Room 3 Near RTC Bus stand Nandyal, Nandyal",,0,,,436,485,0,921,,,,,,,
C:\Users\user\Documents\upsc\eci_downloads\S01_139_-_Nandyal\139_139_-_Nandyal\General_Election_Roll_2024\Booth_Details\139_p3_b2a60768\139_p3_b2a60768.json,2024,,,,,,,,,3 - POLURU,"Z P H SCHOOLU,8 VA TARAGATI ROOM POLURU",,,1,1066,484,524,1,1009,,,,,,,
C:\Users\user\Documents\upsc\eci_downloads\S01_139_-_Nandyal\139_139_-_Nandyal\General_Election_Roll_2024\Booth_Details\139_p40_79b06126\139_p40_79b06126.json,,,,,,,,,,,,,0,,,716,718,0,1434,,,,,,,
C:\Users\user\Documents\upsc\eci_downloads\S01_139_-_Nandyal\139_139_-_Nandyal\General_Election_Roll_2024\Booth_Details\139_p41_69b8b36d\139_p41_69b8b36d.json,,,,139,NANDYAL,,17,,,,SPECIAL M.P.E.S NANDYALA,,0,,,,,,,NANDYAL,NANDYAL,NANDYAL,1TOWN POLICE STATION NANDYAL,NANDYAL,NANDYAL,518501
C:\Users\user\Documents\upsc\eci_downloads\S01_139_-_Nandyal\139_139_-_Nandyal\General_Election_Roll_2024\Booth_Details\139_p42_e979a2a5\139_p42_e979a2a5.json,,,,139,NANDYAL,,17,NANDYAL,42,,"Gandhiji Municipal Elementary School North Room 1 Harijana Peta, Nandyal, Nandyal",GENERAL,0,1,1075,496,524,0,1020,,,,,,,
C:\Users\user\Documents\upsc\eci_downloads\S01_139_-_Nandyal\139_139_-_Nandyal\General_Election_Roll_2024\Booth_Details\139_p43_018203f0\139_p43_018203f0.json,,,,139,NANDYAL,,17,NANDYAL,43,,,,0,,,408,407,0,815,,,,,,,
C:\Users\user\Documents\upsc\eci_downloads\S01_139_-_Nandyal\139_139_-_Nandyal\General_Election_Roll_2024\Booth_Details\139_p44_952075df\139_p44_952075df.json,,,,,,,,,,,"Gandhiji Municipal Elementary School North Room 3 Harijana Peta, Nandyal, Nandyal",GENERAL,0,,,,,,,,,,,,,
C:\Users\user\Documents\upsc\eci_downloads\S01_139_-_Nandyal\139_139_-_Nandyal\General_Election_Roll_2024\Booth_Details\139_p45_9aeb051f\139_p45_9aeb051f.json,,,,,,,,,,,,,,,,,,,,,,,,,,
C:\Users\user\Documents\upsc\eci_downloads\S01_139_-_Nandyal\139_139_-_Nandyal\General_Election_Roll_2024\Booth_Details\139_p46_23ce7459\139_p46_23ce7459.json,,,,139,NANDYAL,,17,NANDYAL,46,,M.E. SCHOOL EAST SATRAM NANDYAL,GENERAL,,1,1404,646,710,0,1356,NANDYAL,NANDYAL,NANDYAL,1 TOWN POLICE STATION NANDYAL,NANDYAL,NANDYAL,518501
C:\Users\user\Documents\upsc\eci_downloads\S01_139_-_Nandyal\139_139_-_Nandyal\General_Election_Roll_2024\Booth_Details\139_p47_ffb71cac\139_p47_ffb71cac.json,,,,,,,,,,47 - NANDYAL,MUNICIPAL E SCOOL NANDYAL,GENERAL,,,,266,289,0,555,,,,,,,
C:\Users\user\Documents\upsc\eci_downloads\S01_139_-_Nandyal\139_139_-_Nandyal\General_Election_Roll_2024\Booth_Details\139_p48_18a67e9c\139_p48_18a67e9c.json,,,,139,NANDYAL,,17,NANDYAL,48,,VIVEKAVARDINI MUNICIPAL E SCOOL NANDYAL,,0,,,503,552,1,1056,,,,,,,
C:\Users\user\Documents\upsc\eci_downloads\S01_139_-_Nandyal\139_139_-_Nandyal\General_Election_Roll_2024\Booth_Details\139_p49_9f65ffdf\139_p49_9f65ffdf.json,,,,,,,,,,49 - NANDYAL,"The Campus English Medium school, Hall No.3 near Jagajjanani Temple Road, Nandyal",,0,,,604,668,0,1272,,,,,,,
C:\Users\user\Documents\upsc\eci_downloads\S01_139_-_Nandyal\139_139_-_Nandyal\General_Election_Roll_2024\Booth_Details\139_p4_f22d329f\139_p4_f22d329f.json,,,,,,,,,,,,,0,,,343,357,0,700,,,,,,,
C:\Users\user\Documents\upsc\eci_downloads\S01_139_-_Nandyal\139_139_-_Nandyal\General_Election_Roll_2024\Booth_Details\139_p50_4d815317\139_p50_4d815317.json,,,,139,NANDYAL,,17,NANDYAL,50,50 - NANDYALA,VIVEKAVARDINI MUNICIPAL E SCOOL NANDYAL,,0,,,440,467,1,908,,,,,,,
C:\Users\user\Documents\upsc\eci_downloads\S01_139_-_Nandyal\139_139_-_Nandyal\General_Election_Roll_2024\Booth_Details\139_p51_55e3a8b4\139_p51_55e3a8b4.json,2024,,,,,,,,,,"2nd CLASS, VIVEKAVARDHINI MUNICIPAL ELEMENTARY SCH 7-99 To 7-205",GENERAL,,,,445,482,0,927,NANDYAL,NANDYAL,NANDYAL,1 TOWN POLICE STATION NANDYAL,NANDYAL,NANDYAL,518501
C:\Users\user\Documents\upsc\eci_downloads\S01_139_-_Nandyal\139_139_-_Nandyal\General_Election_Roll_2024\Booth_Details\139_p52_75465436\139_p52_75465436.json,2024,S01,Andhra Pradesh,,,,,,,,VIVEKAVARDINI MUNICIPAL E SCOOL NANDYALA,,,,,639,673,1,1313,NANDYAL,NANDYAL,NANDYAL,1 TOWN POLICE STATION NANDYAL,NANDYAL,NANDYAL,518501
C:\Users\user\Documents\upsc\eci_downloads\S01_139_-_Nandyal\139_139_-_Nandyal\General_Election_Roll_2024\Booth_Details\139_p53_f2c5de4a\139_p53_f2c5de4a.json,,,,,,,,,,,,,0,,,666,687,0,1353,,,,,,,
C:\Users\user\Documents\upsc\eci_downloads\S01_139_-_Nandyal\139_139_-_Nandyal\General_Election_Roll_2024\Booth_Details\139_p54_fbff5a9f\139_p54_fbff5a9f.json,,,,139,NANDYAL,,17,,54,,,,0,,,652,613,1,1266,,,,,,,
C:\Users\user\Documents\upsc\eci_downloads\S01_139_-_Nandyal\139_139_-_Nandyal\General_Election_Roll_2024\Booth_Details\139_p55_000ceb12\139_p55_000ceb12.json,,,,,,,,,,55 - NANDYALA,"NTR SHADHI KHANA FUNCTION HALL NEAR ATMAKUR BUSSTAND,NANDYAL",,,,,575,607,0,1182,,,,,,,
C:\Users\user\Documents\upsc\eci_downloads\S01_139_-_Nandyal\139_139_-_Nandyal\General_Election_Roll_2024\Booth_Details\139_p56_d6dbb2bd\139_p56_d6dbb2bd.json,,,,,,,,,56,56 - NANDYAL,"NTR SHADHIKHANA ADDITIONAL ROOM NEAR ATMAKUR BUSSTAND,NANDYAL",,,,,,,,,NANDYAL,NANDYAL,,,,,
C:\Users\user\Documents\upsc\eci_downloads\S01_139_-_Nandyal\139_139_-_Nandyal\General_Election_Roll_2024\Booth_Details\139_p57_80edc0a0\139_p57_80edc0a0.json,2024,S01,Andhra Pradesh,139,NANDYAL,,17,NANDYAL,,,,,0,,,592,619,8,1219,,,,,,,
C:\Users\user\Documents\upsc\eci_downloads\S01_139_-_Nandyal\139_139_-_Nandyal\General_Election_Roll_2024\Booth_Details\139_p58_5066b52b\139_p58_5066b52b.json,,,,139,NANDYAL,,17,,58,,,,,,,634,707,6,1347,,,,,,,
C:\Users\user\Documents\upsc\eci_downloads\S01_139_-_Nandyal\139_139_-_Nandyal\General_Election_Roll_2024\Booth_Details\139_p59_31ec213f\139_p59_31ec213f.json,,,,,,,,,,,"Urdu Acadamii Bhavan, West Room 2 Near Busstand Road, Nandyal, Nandyal",GENERAL,,1,1189,593,550,1,1144,NANDYAL,NANDYAL,NANDYAL,1 TOWN POLICE STATION NANDYAL,NANDYAL,NANDYAL,
C:\Users\user\Documents\upsc\eci_downloads\S01_139_-_Nandyal\139_139_-_Nandyal\General_Election_Roll_2024\Booth_Details\139_p5_668182d0\139_p5_668182d0.json,,,,139,NANDYAL,,,,,5 - POLURU,ZP High School 6th Class POLLUR,,0,1,667,323,333,0,656,,,,,,,
C:\Users\user\Documents\upsc\eci_downloads\S01_139_-_Nandyal\139_139_-_Nandyal\General_Election_Roll_2024\Booth_Details\139_p60_d274f70a\139_p60_d274f70a.json,,,,139,NANDYAL,,17,NANDYAL,,,"Urdu Acadamii Bhavan, West Room 3 Near Busstand Road, Nandyal, Nandyal",GENERAL,,,,558,548,31,1137,NANDYAL,NANDYAL,NANDYAL,1 TOWN POLICE STATION NANDYAL,NANDYAL,NANDYAL,518501
C:\Users\user\Documents\upsc\eci_downloads\S01_139_-_Nandyal\139_139_-_Nandyal\General_Election_Roll_2024\Booth_Details\139_p61_a38f0b90\139_p61_a38f0b90.json,,,,,,,,,,61 - NANDYAL,Peoples Club Nandyal,,0,,,,,,,,,,,,,
C:\Users\user\Documents\upsc\eci_downloads\S01_139_-_Nandyal\139_139_-_Nandyal\General_Election_Roll_2024\Booth_Details\139_p62_24a4bc00\139_p62_24a4bc00.json,,,,139,NANDYAL,,17,NANDYAL,62,,,,0,1,1382,631,682,1,1314,,,,,,,
C:\Users\user\Documents\upsc\eci_downloads\S01_139_-_Nandyal\139_139_-_Nandyal\General_Election_Roll_2024\Booth_Details\139_p63_232e27b1\139_p63_232e27b1.json,2024,S01,Andhra Pradesh,139,NANDYAL,,17,NANDYAL,,,ANDHRA KESARI MUNICIPAL E SCOOL NANDYAL,,,,,376,390,0,766,,,,,,,
C:\Users\user\Documents\upsc\eci_downloads\S01_139_-_Nandyal\139_139_-_Nandyal\General_Election_Roll_2024\Booth_Details\139_p64_db8d1ef6\139_p64_db8d1ef6.json,,,,139,NANDYAL,,17,NANDYAL,64,"64 - 9th Ward Sachivalayam, Nandyal","9th Ward Sachivalayam, Nandyal",,0,,,343,360,0,703,,,,,,,
C:\Users\user\Documents\upsc\eci_downloads\S01_139_-_Nandyal\139_139_-_Nandyal\General_Election_Roll_2024\Booth_Details\139_p65_b9c06958\139_p65_b9c06958.json,,,,139,NANDYAL,,17,,65,,,,0,1,998,455,499,0,954,,,,,,,
C:\Users\user\Documents\upsc\eci_downloads\S01_139_-_Nandyal\139_139_-_Nandyal\General_Election_Roll_2024\Booth_Details\139_p66_ba5dfcad\139_p66_ba5dfcad.json,,,,139,NANDYAL,,17,NANDYAL,66,66 - NANDYAL,"Muncipal Elementary school urdu Antikota Sanchipattala Street, Nandyal NANDYAL",,,,,,,,,NANDYAL,NANDYAL,NANDYAL,1 TOWN POLICE STATION NANDYAL,NANDYAL,NANDYAL,518501
C:\Users\user\Documents\upsc\eci_downloads\S01_139_-_Nandyal\139_139_-_Nandyal\General_Election_Roll_2024\Booth_Details\139_p67_97496ff6\139_p67_97496ff6.json,2024,S01,Andhra Pradesh,,,,,,,,"KOTA URDU MUNICIPAL PRIMARY SCHOOL, SANTHAGATE, NORTH ROOM 1, NANDYAL",,,,,493,516,1,1010,,,,,,,
C:\Users\user\Documents\upsc\eci_downloads\S01_139_-_Nandyal\139_139_-_Nandyal\General_Election_Roll_2024\Booth_Details\139_p68_fb48b320\139_p68_fb48b320.json,,,,139,NANDYAL,,,,,68 - NANDYAL,"KOTA URDU MUNICIPAL PRIMARY SCHOOL, SANTHAGATE, NORTH ROOM 2, NANDYAL, Nandyal",,,1,1263,503,669,1,1173,,,,,,,
C:\Users\user\Documents\upsc\eci_downloads\S01_139_-_Nandyal\139_139_-_Nandyal\General_Election_Roll_2024\Booth_Details\139_p69_47acc4b6\139_p69_47acc4b6.json,,,,139,NANDYAL,GEN,17,,69,69 - NANDYAL,Kota Muncipal Primary School 21-126 to 21-255,,0,,,,,,,,,,,,,
C:\Users\user\Documents\upsc\eci_downloads\S01_139_-_Nandyal\139_139_-_Nandyal\General_Election_Roll_2024\Booth_Details\139_p6_c3299faa\139_p6_c3299faa.json,,,,139,NANDYAL,,17,NANDYAL,6,,,,0,,,379,395,0,774,,,,,,,
C:\Users\user\Documents\upsc\eci_downloads\S01_139_-_Nandyal\139_139_-_Nandyal\General_Election_Roll_2024\Booth_Details\139_p70_c4ba25b4\139_p70_c4ba25b4.json,,,,139,NANDYAL (GEN),,17,NANDYAL (GEN),70,70 - NANDYAL,"Leaders Model School, Library Room, Nandyal",,,,,,,,,,,,,,,
C:\Users\user\Documents\upsc\eci_downloads\S01_139_-_Nandyal\139_139_-_Nandyal\General_Election_Roll_2024\Booth_Details\139_p71_33067785\139_p71_33067785.json,,,,139,NANDYAL,,17,NANDYAL,71,,Leaders Model High School 21-452 to 21-452-57,,,,,540,575,0,1115,,,,,,,
C:\Users\user\Documents\upsc\eci_downloads\S01_139_-_Nandyal\139_139_-_Nandyal\General_Election_Roll_2024\Booth_Details\139_p72_ac91234f\139_p72_ac91234f.json,,,,139,NANDYAL,,17,NANDYAL,72,72 - NANDYAL,Leaders Model High School Navodaya Class room Nandyal NANDYAL,,0,,,463,436,0,899,,,,,,,
C:\Users\user\Documents\upsc\eci_downloads\S01_139_-_Nandyal\139_139_-_Nandyal\General_Election_Roll_2024\Booth_Details\139_p73_bb3806a8\139_p73_bb3806a8.json,,,,,,,,,,,Leaders Model High School 21-452-z-27 to 220,GENERAL,0,1,1407,678,704,0,1382,NANDYAL,NANDYAL,NANDYAL,1 TOWN POLICE STATION NANDYAL,NANDYAL,NANDYAL,518501
C:\Users\user\Documents\upsc\eci_downloads\S01_139_-_Nandyal\139_139_-_Nandyal\General_Election_Roll_2024\Booth_Details\139_p74_8efc63f6\139_p74_8efc63f6.json,,,,139,NANDYAL,,17,NANDYAL,74,74 - NANDYAL,"Muncipal Primary School 2nd class room, Muncipal Primary School Gudipati Gadda",GENERAL,,,,684,652,0,1336,,,,,,,
C:\Users\user\Documents\upsc\eci_downloads\S01_139_-_Nandyal\139_139_-_Nandyal\General_Election_Roll_2024\Booth_Details\139_p75_7236c4a9\139_p75_7236c4a9.json,,,,,,,,,75,,,,,,,321,338,0,659,,,,,,,
C:\Users\user\Documents\upsc\eci_downloads\S01_139_-_Nandyal\139_139_-_Nandyal\General_Election_Roll_2024\Booth_Details\139_p76_66f4821f\139_p76_66f4821f.json,,,,139,NANDYAL,,17,,76,76 - NANDYALA,"Municipal Primary School, 4th Class Room, Municipal Primary School, Gudipatigadda",,0,,,736,715,0,1451,,,,,,,
C:\Users\user\Documents\upsc\eci_downloads\S01_139_-_Nandyal\139_139_-_Nandyal\General_Election_Roll_2024\Booth_Details\139_p77_76521aa1\139_p77_76521aa1.json,,,,139,NANDYAL,,17,NANDYAL,77,77 - NANDYAL,"MUNICIPAL URDU UPPAR PRIMARY SCHOOL 10th class Room GUDIPATIGADDA (MULLAN PETA), BESIDE VEGETABLE MAIN MARKET, Nandyal",,,,,577,558,0,1135,,,,,,,
C:\Users\user\Documents\upsc\eci_downloads\S01_139_-_Nandyal\139_139_-_Nandyal\General_Election_Roll_2024\Booth_Details\139_p78_a9be052e\139_p78_a9be052e.json,,,,139,NANDYAL,,17,NANDYAL,78,,,,0,,,461,396,0,857,,,,,,,
C:\Users\user\Documents\upsc\eci_downloads\S01_139_-_Nandyal\139_139_-_Nandyal\General_Election_Roll_2024\Booth_Details\139_p79_66b1a564\139_p79_66b1a564.json,,,,139,NANDYAL,,17,NANDYAL,79,,,,0,,,,,,,,,,,,,
C:\Users\user\Documents\upsc\eci_downloads\S01_139_-_Nandyal\139_139_-_Nandyal\General_Election_Roll_2024\Booth_Details\139_p7_96fa5aee\139_p7_96fa5aee.json,,,,,,,,,,,,,,,,569,633,0,1202,,,,,,,
C:\Users\user\Documents\upsc\eci_downloads\S01_139_-_Nandyal\139_139_-_Nandyal\General_Election_Roll_2024\Booth_Details\139_p80_e759acc7\139_p80_e759acc7.json,,,,139,NANDYAL,,17,NANDYAL,80,,,,0,,,522,577,0,1099,,,,,,,
C:\Users\user\Documents\upsc\eci_downloads\S01_139_-_Nandyal\139_139_-_Nandyal\General_Election_Roll_2024\Booth_Details\139_p81_5cd8f8fa\139_p81_5cd8f8fa.json,,,,139,NANDYAL,,,,81,,MUNICIPAL SENETARY TOWN HALL NANDYAL,GENERAL,,,,498,488,0,986,,,,,,,
C:\Users\user\Documents\upsc\eci_downloads\S01_139_-_Nandyal\139_139_-_Nandyal\General_Election_Roll_2024\Booth_Details\139_p82_62ab2e42\139_p82_62ab2e42.json,,,,,,,,,82,82 - NANDYAL,MUNICIPAL SENETARY TOWN HALL NANDYAL,,,,,,,,,,,,,,,
C:\Users\user\Documents\upsc\eci_downloads\S01_139_-_Nandyal\139_139_-_Nandyal\General_Election_Roll_2024\Booth_Details\139_p83_7c3f2f2c\139_p83_7c3f2f2c.json,,S01,,139,NANDYAL,,,,,,"Municipal Urdu Upper Primary School 10th class room Mullan Peta Near Sai Baba Temple, Nandyal, Nandyal",GENERAL,,1,1311,641,628,0,1269,,,,,,,
C:\Users\user\Documents\upsc\eci_downloads\S01_139_-_Nandyal\139_139_-_Nandyal\General_Election_Roll_2024\Booth_Details\139_p84_a87087a5\139_p84_a87087a5.json,,,,139,NANDYAL,,17,NANDYAL,84,84 - NANDYAL,"The Campus English Medium school, Room No H9 near Jagajjanani Temple Road, Nandyal",,,,,630,646,0,1276,,,,,,,
C:\Users\user\Documents\upsc\eci_downloads\S01_139_-_Nandyal\139_139_-_Nandyal\General_Election_Roll_2024\Booth_Details\139_p85_111087d6\139_p85_111087d6.json,,,,,,,,,,,,,,,,,,,,,,,,,,
C:\Users\user\Documents\upsc\eci_downloads\S01_139_-_Nandyal\139_139_-_Nandyal\General_Election_Roll_2024\Booth_Details\139_p86_abcc2f49\139_p86_abcc2f49.json,,,,139,NANDYAL (GEN),,17,NANDYAL (GEN),,86 - Nandyal,"LKG-Anganwadi Pre-School, Bolleddula Street, Ankalpeta, Nandyal, North side",,0,,,429,410,0,839,,,,,,,
C:\Users\user\Documents\upsc\eci_downloads\S01_139_-_Nandyal\139_139_-_Nandyal\General_Election_Roll_2024\Booth_Details\139_p87_3cca4c25\139_p87_3cca4c25.json,,,,139,NANDYAL,,17,NANDYAL,,,,,0,,,436,481,0,917,,,,,,,
C:\Users\user\Documents\upsc\eci_downloads\S01_139_-_Nandyal\139_139_-_Nandyal\General_Election_Roll_2024\Booth_Details\139_p88_08d6438d\139_p88_08d6438d.json,,,,139,NANDYAL,,17,NANDYAL,88,,"Municipal Elementary School, Additional Class Room, Bolleddula Veedi (Ankalapeta Peta ), Nandyal., Municipal Elementary School Anakala Peta Nandyal",,,,,,,,,,,,,,,
C:\Users\user\Documents\upsc\eci_downloads\S01_139_-_Nandyal\139_139_-_Nandyal\General_Election_Roll_2024\Booth_Details\139_p89_5e5f7bc5\139_p89_5e5f7bc5.json,,,,139,NANDYAL,GEN,17,NANDYAL,,89 - NANDYAL,"Municipal High School, North Wing, New Additional Building Byramala Street, Nandyal., Nandyal",GENERAL,,,,,,,,NANDYAL,NANDYAL,NANDYAL,1 TOWN POLICE STATION NANDYAL,NANDYAL,NANDYAL,518501
C:\Users\user\Documents\upsc\eci_downloads\S01_139_-_Nandyal\139_139_-_Nandyal\General_Election_Roll_2024\Booth_Details\139_p8_144ff8c1\139_p8_144ff8c1.json,2024,,,139,NANDYAL,,17,NANDYAL,8,8 - PULIMADDI,M P U P SCOOL PULIMADDI,,0,,,,,,,,,,,,,
C:\Users\user\Documents\upsc\eci_downloads\S01_139_-_Nandyal\139_139_-_Nandyal\General_Election_Roll_2024\Booth_Details\139_p90_710a3f27\139_p90_710a3f27.json,,,,139,NANDYAL,,17,,90,,"Municipal High School, West Wing, New Additional Building Byramala Street, Nandyal., Nandyal",GENERAL,,1,819,407,377,0,784,,,,,,,
C:\Users\user\Documents\upsc\eci_downloads\S01_139_-_Nandyal\139_139_-_Nandyal\General_Election_Roll_2024\Booth_Details\139_p91_5431be6c\139_p91_5431be6c.json,2024,S01,Andhra Pradesh,,,,,,,,"Municipal High School, West Wing, Old Building Room No 1 Byramala Street, Nandyal., Nandyal",GENERAL,,,,648,667,2,1317,,,,,,,
C:\Users\user\Documents\upsc\eci_downloads\S01_139_-_Nandyal\139_139_-_Nandyal\General_Election_Roll_2024\Booth_Details\139_p92_70782e96\139_p92_70782e96.json,,,,139,NANDYAL,,17,NANDYAL,92,,"Municipal High School, West Wing, Old Building Room no 2 Byramala Street, Nandyal., NANDYAL",GENERAL,,1,1140,505,588,0,1093,,,,,,,
C:\Users\user\Documents\upsc\eci_downloads\S01_139_-_Nandyal\139_139_-_Nandyal\General_Election_Roll_2024\Booth_Details\139_p93_f346d0a7\139_p93_f346d0a7.json,,,,139,NANDYAL,,17,NANDYAL,93,93 - NANDYAL,"Municipal High School, East Wing, Old Building Byramala Street, Nandyal., Nandyal",,,1,1053,492,525,0,1017,NANDYAL,NANDYAL,NANDYAL,1 TOWN POLICE STATION NANDYAL,NANDYAL,NANDYAL,518501
C:\Users\user\Documents\upsc\eci_downloads\S01_139_-_Nandyal\139_139_-_Nandyal\General_Election_Roll_2024\Booth_Details\139_p94_04fefce6\139_p94_04fefce6.json,,,,139,NANDYAL,,17,NANDYAL,94,94 - NANDYAL,"RAMAKRISHNA VIDYALAYAM, SANJEEVANAGAR, SOUTH, NANDYAL, RAMAKRISHNA VIDYALAYAM, NANDYAL",,,,,539,630,0,1169,,,,,,,
C:\Users\user\Documents\upsc\eci_downloads\S01_139_-_Nandyal\139_139_-_Nandyal\General_Election_Roll_2024\Booth_Details\139_p95_9bd4fcd2\139_p95_9bd4fcd2.json,2024,S01,Andhra Pradesh,,,,,,,95 - NANDYALA,"RAMAKRISHNA VIDYALAYAM, SANJEEVANAGAR, NORTH, NANDYAL, RAMAKRISHNA VIDYALAYAM NANDYAL",,0,,,,,,,,,,,,,
C:\Users\user\Documents\upsc\eci_downloads\S01_139_-_Nandyal\139_139_-_Nandyal\General_Election_Roll_2024\Booth_Details\139_p96_d9a81092\139_p96_d9a81092.json,,,,139,NANDYAL,,17,NANDYAL,96,,,,0,,,456,432,0,888,,,,,,,
C:\Users\user\Documents\upsc\eci_downloads\S01_139_-_Nandyal\139_139_-_Nandyal\General_Election_Roll_2024\Booth_Details\139_p97_9356a29b\139_p97_9356a29b.json,2024,S01,Andhra Pradesh,,,,,,,,,,,1,1078,494,541,0,1035,,,,,,,
C:\Users\user\Documents\upsc\eci_downloads\S01_139_-_Nandyal\139_139_-_Nandyal\General_Election_Roll_2024\Booth_Details\139_p98_0cbf9664\139_p98_0cbf9664.json,,,,139,NANDYAL,,17,NANDYAL,98,,ST JOSEPH GARLS HIGH SCOOL NANDYAL,GENERAL,,,,,,,,NANDYAL,NANDYAL,NANDYAL,2 TOWN POLICE STATION NANDYAL,NANDYAL,NANDYAL,518501
C:\Users\user\Documents\upsc\eci_downloads\S01_139_-_Nandyal\139_139_-_Nandyal\General_Election_Roll_2024\Booth_Details\139_p99_e9d135e1\139_p99_e9d135e1.json,,,,,,,,,99,99 - NANDYALA,ST JOSEPH JUNIOR COLLEGE NANDYAL,GENERAL,,1,758,342,398,0,740,NANDYAL,NANDYAL,NANDYAL,2 TOWN POLICE STATION NANDYAL,NANDYAL,NANDYAL,518501
C:\Users\user\Documents\upsc\eci_downloads\S01_139_-_Nandyal\139_139_-_Nandyal\General_Election_Roll_2024\Booth_Details\139_p9_8a7b8858\139_p9_8a7b8858.json,2024,,,139,NANDYAL,,17,NANDYAL,9,9 - PULIMADDI,"2nd Class Room, MPUP SCHOOL, PULIMADDI 1,2,3 wards, Pulimaddi",,0,,,308,333,0,641,,,,,,,
